player_id,player_name,team_id,team_abbreviation,age,fgm_restricted_area,fga_restricted_area,fg_pct_restricted_area,fgm_in_the_paint_(non-ra),fga_in_the_paint_(non-ra),fg_pct_in_the_paint_(non-ra),fgm_mid-range,fga_mid-range,fg_pct_mid-range,fgm_left_corner_3,fga_left_corner_3,fg_pct_left_corner_3,fgm_right_corner_3,fga_right_corner_3,fg_pct_right_corner_3,fgm_above_the_break_3,fga_above_the_break_3,fg_pct_above_the_break_3,pts,gp,fg_pct,ftm,fta,ft_pct
203932,Aaron Gordon,1610612753,ORL,24,3,4.4,0.671,0.7,2,0.353,0.6,2.2,0.254,0.2,0.5,0.37,0.1,0.3,0.278,0.9,3,0.303,14.4,58,0.433,2.4,3.5,0.675
1628988,Aaron Holiday,1610612754,IND,23,1.2,2.2,0.535,0.5,1.4,0.325,0.5,1.4,0.325,0.1,0.3,0.357,0.2,0.4,0.526,1.1,2.9,0.385,9.4,58,0.407,1.1,1.2,0.861
1627846,Abdel Nader,1610612760,OKC,26,1,1.5,0.671,0.2,0.7,0.313,0.1,0.3,0.308,0.2,0.5,0.35,0.2,0.4,0.5,0.5,1.5,0.352,6,48,0.455,1,1.3,0.774
1629690,Adam Mokoka,1610612741,CHI,21,0.5,1.1,0.5,0,0,0,0,0.1,0,0.1,0.4,0.25,0.3,0.7,0.5,0.3,0.6,0.429,2.9,11,0.429,0.2,0.4,0.5
1629678,Admiral Schofield,1610612764,WAS,23,0.4,0.8,0.529,0.1,0.2,0.5,0.2,0.2,0.8,0.2,0.4,0.5,0.3,0.8,0.333,0.3,1.3,0.258,3.1,27,0.4,0.3,0.5,0.692
201143,Al Horford,1610612755,PHI,34,1.6,2.3,0.703,0.6,1.7,0.353,1.1,2.5,0.447,0.1,0.2,0.286,0.1,0.3,0.263,1.3,3.9,0.346,12,60,0.442,0.9,1.2,0.753
202329,Al-Farouq Aminu,1610612753,ORL,29,0.6,1.6,0.357,0.2,0.9,0.25,0.1,0.3,0.333,0.1,0.2,0.5,0.1,0.3,0.167,0.3,1.4,0.231,4.3,18,0.291,1.1,1.6,0.655
202692,Alec Burks,1610612755,PHI,28,1.5,2.9,0.514,0.7,2.1,0.336,0.9,2.3,0.398,0.2,0.5,0.483,0.1,0.4,0.381,1.3,3.8,0.351,15.1,59,0.404,3.8,4.3,0.896
1629346,Alen Smailagic,1610612744,GSW,19,1,1.1,0.875,0.1,0.5,0.286,0.1,0.3,0.25,0.1,0.2,0.5,0,0.3,0,0.1,0.6,0.25,4.2,14,0.5,1.1,1.4,0.842
1627936,Alex Caruso,1610612747,LAL,26,1.1,1.6,0.663,0.1,0.5,0.097,0.1,0.5,0.214,0.1,0.3,0.313,0.1,0.4,0.368,0.4,1.2,0.366,5.4,58,0.423,1,1.3,0.763
203458,Alex Len,1610612758,SAC,27,2.5,3.7,0.682,0.6,1.2,0.508,0,0.1,0.143,0.1,0.2,0.556,0.1,0.4,0.235,0.1,0.6,0.172,8.3,49,0.556,1.2,1.9,0.637
1628035,Alfonzo McKinnie,1610612739,CLE,27,1.1,1.7,0.657,0.3,0.6,0.417,0.1,0.4,0.313,0.1,0.4,0.214,0.2,0.5,0.313,0.2,0.9,0.176,4.6,40,0.427,0.6,0.8,0.71
1628993,Alize Johnson,1610612754,IND,24,0.5,0.8,0.6,0.1,0.3,0.25,0,0.1,0,0,0,0,0,0,0,0,0,0,1.4,13,0.467,0.3,0.5,0.667
203459,Allen Crabbe,1610612750,MIN,28,0.3,0.4,0.75,0.2,0.6,0.286,0.2,0.6,0.409,0.2,0.5,0.333,0.2,0.5,0.471,0.6,2.3,0.274,4.6,37,0.356,0.3,0.4,0.714
1629019,Allonzo Trier,1610612752,NYK,24,0.6,1,0.625,0.1,0.3,0.286,0.6,0.9,0.682,0,0.2,0,0.2,0.3,0.75,0.7,1.9,0.348,6.5,24,0.481,1.4,1.8,0.791
1628518,Amile Jefferson,1610612753,ORL,27,0.2,0.6,0.286,0.2,0.4,0.5,0,0.1,0,0,0,0,0,0,0,0,0,0,0.8,18,0.357,0.3,0.8,0.357
1629599,Amir Coffey,1610612746,LAC,23,0.5,1,0.455,0.4,0.7,0.5,0.3,0.6,0.429,0,0.1,0,0,0.2,0,0.1,0.4,0.2,2.2,13,0.394,0.1,0.2,0.333
203083,Andre Drummond,1610612739,CLE,26,5.9,9.3,0.637,1.2,3.5,0.347,0.1,0.3,0.278,0,0.1,0.25,0,0.1,0.4,0,0.4,0.083,17.7,57,0.533,3,5.2,0.575
2738,Andre Iguodala,1610612748,MIA,36,0.9,1.1,0.75,0,0.1,0,0.3,0.6,0.444,0,0.1,0,0.3,0.7,0.444,0.4,0.9,0.417,4.4,14,0.49,0.1,0.6,0.25
203952,Andrew Wiggins,1610612744,GSW,25,3.7,5.5,0.674,1.5,3.9,0.376,0.9,2.5,0.338,0.2,0.6,0.433,0.1,0.3,0.176,1.8,5.3,0.331,21.8,54,0.447,3.5,5,0.709
1629014,Anfernee Simons,1610612757,POR,21,1,1.9,0.548,0.4,1.2,0.308,0.7,1.6,0.429,0.2,0.4,0.435,0.1,0.3,0.235,0.9,2.7,0.341,8.8,65,0.402,1.2,1.4,0.826
1627790,Ante Zizic,1610612739,CLE,23,1.3,2.1,0.609,0.4,0.9,0.474,0.2,0.3,0.571,0,0,0,0,0,0,0,0,0,4.4,22,0.569,0.6,0.9,0.737
203076,Anthony Davis,1610612747,LAL,27,5.1,7,0.729,1.4,3.4,0.413,1.5,4.1,0.374,0.3,0.5,0.556,0,0.2,0.167,0.9,2.8,0.316,26.7,55,0.511,7,8.3,0.845
201229,Anthony Tolliver,1610612763,MEM,35,0.2,0.5,0.391,0.1,0.1,0.5,0.1,0.1,0.6,0.1,0.3,0.417,0.2,0.5,0.409,0.5,1.9,0.287,3.5,47,0.348,0.4,0.5,0.72
1628499,Antonius Cleveland,1610612742,DAL,26,0.3,0.5,0.667,0,0.2,0,0,0.3,0,0,0,0,0,0,0,0,0.2,0,0.8,6,0.333,0.2,0.3,0.5
1628394,Anzejs Pasecniks,1610612764,WAS,24,1.7,2.3,0.717,0.7,1.7,0.436,0,0.5,0.083,0,0,0,0,0,0,0,0.1,0,6,24,0.528,1.3,2.3,0.593
203382,Aron Baynes,1610612756,PHX,33,2.1,3.3,0.635,0.8,1.4,0.542,0.1,0.4,0.294,0,0.3,0.154,0.1,0.3,0.364,1.3,3.4,0.368,11.5,42,0.48,1.3,1.8,0.747
203085,Austin Rivers,1610612745,HOU,27,1.3,2.3,0.555,0.3,0.9,0.357,0.1,0.1,0.429,0.3,0.5,0.643,0.1,0.5,0.276,1,2.9,0.326,8.5,60,0.421,1,1.5,0.667
202340,Avery Bradley,1610612747,LAL,29,1,1.6,0.618,0.3,0.7,0.471,0.9,2,0.44,0.4,1,0.447,0.2,0.7,0.25,0.7,1.8,0.371,8.6,49,0.444,0.4,0.5,0.833
1629168,BJ Johnson,1610612753,ORL,24,0.4,0.6,0.75,0,0.1,0,0.1,0.9,0.143,0,1,0,0.3,0.3,1,0,0.4,0,1.6,8,0.278,0.3,0.3,1
1628389,Bam Adebayo,1610612748,MIA,22,4.4,6.1,0.719,1.6,3.5,0.452,0.3,1.2,0.235,0,0.1,0,0,0.1,0.25,0,0.1,0,16.2,65,0.567,3.6,5.3,0.69
203463,Ben McLemore,1610612745,HOU,27,0.8,1.1,0.736,0,0.1,0.25,0,0,0,0.3,0.9,0.375,0.5,1.1,0.485,1.6,4.2,0.377,9.8,63,0.445,0.7,1,0.758
1627732,Ben Simmons,1610612755,PHI,23,5.6,8.2,0.683,1,2.9,0.348,0.1,0.3,0.267,0,0,1,0,0,1,0,0,0,16.7,54,0.585,3.3,5.3,0.627
202687,Bismack Biyombo,1610612766,CHA,27,2.4,3.5,0.684,0.4,1.5,0.263,0,0.2,0.182,0,0,0,0,0,0,0,0,0,7.4,53,0.543,1.7,2.8,0.603
201933,Blake Griffin,1610612765,DET,31,2.8,5.1,0.549,0.4,1.8,0.25,0.2,0.8,0.2,0.2,0.8,0.2,0.1,0.6,0.1,1.3,4.8,0.264,15.5,18,0.352,4.2,5.4,0.776
1626246,Boban Marjanovic,1610612742,DAL,31,1.9,2.5,0.75,0.6,1.4,0.426,0.3,0.8,0.333,0,0,0,0,0,1,0.1,0.4,0.214,6.3,37,0.555,1,1.3,0.766
1626171,Bobby Portis,1610612752,NYK,25,1.4,2.3,0.6,0.9,1.8,0.479,0.8,2,0.386,0.2,0.4,0.522,0.1,0.3,0.25,0.8,2.2,0.34,10.1,66,0.45,1.1,1.4,0.763
203992,Bogdan Bogdanovic,1610612758,SAC,27,1.1,1.8,0.602,0.8,1.5,0.506,0.8,1.6,0.506,0.3,0.7,0.351,0.2,0.7,0.324,2.1,5.8,0.366,14.5,53,0.433,1.4,2,0.724
202711,Bojan Bogdanovic,1610612762,UTA,31,2.2,3.7,0.608,1.1,2.8,0.388,0.3,1.1,0.279,0.5,0.9,0.5,0.6,1.5,0.426,1.9,4.8,0.393,20.2,63,0.447,4,4.4,0.903
202954,Brad Wanamaker,1610612738,BOS,30,1.1,1.8,0.605,0.3,1.1,0.286,0.2,0.7,0.318,0,0,0.5,0,0,0.5,0.5,1.4,0.36,6.6,63,0.428,1.7,1.8,0.931
203078,Bradley Beal,1610612764,WAS,26,4.1,6.4,0.65,1.3,3.3,0.399,2,4.8,0.413,0.2,0.7,0.368,0.1,0.4,0.217,2.6,7.4,0.36,30.5,57,0.455,6.8,8,0.842
1629634,Brandon Clarke,1610612763,MEM,23,3.2,4.3,0.744,1.3,2.4,0.568,0.1,0.5,0.25,0.1,0.2,0.444,0.1,0.3,0.333,0.3,0.6,0.433,12,50,0.623,1.5,1.9,0.785
1629164,Brandon Goodwin,1610612737,ATL,24,0.8,1.4,0.574,0.5,1.1,0.421,0.2,0.6,0.389,0.1,0.3,0.286,0,0.4,0,0.7,2,0.353,6.1,34,0.4,0.8,0.9,0.933
1627742,Brandon Ingram,1610612740,NOP,22,3.3,5.2,0.639,1.1,2.8,0.376,1.6,3.7,0.427,0.4,0.9,0.434,0.3,0.8,0.409,1.7,4.5,0.375,24.3,56,0.466,5.1,5.9,0.858
202688,Brandon Knight,1610612765,DET,28,0.2,0.5,0.333,0.3,0.7,0.444,0.1,0.2,0.333,0.1,0.4,0.333,0.1,0.3,0.333,1.6,4.6,0.345,7.3,25,0.353,0.8,1.4,0.588
1628968,Brian Bowen II,1610612754,IND,21,0.2,0.8,0.25,0.2,0.2,1,0,0.5,0,0,0,0,0,0.7,0,0,0,0,0.8,5,0.222,0,0,0
201572,Brook Lopez,1610612749,MIL,32,1.5,2.3,0.662,0.8,1.8,0.411,0.3,0.5,0.606,0.2,0.5,0.367,0.1,0.4,0.292,1.1,3.8,0.287,11,61,0.427,1.6,2,0.81
1628971,Bruce Brown,1610612765,DET,23,2,3.7,0.544,0.8,2.1,0.358,0.1,0.2,0.308,0.2,0.5,0.393,0.3,0.6,0.438,0.1,0.6,0.222,8.9,58,0.443,1.5,2.1,0.739
203998,Bruno Caboclo,1610612745,HOU,24,0.8,1.3,0.618,0.2,0.4,0.455,0.1,0.2,0.6,0.1,0.3,0.2,0.1,0.5,0.25,0,0.5,0,2.7,27,0.416,0.1,0.2,0.8
1628981,Bruno Fernando,1610612737,ATL,21,1.5,2.2,0.685,0.2,0.6,0.323,0.1,0.1,0.429,0,0.1,0,0,0.2,0.1,0.1,0.4,0.182,4.3,56,0.518,0.5,0.9,0.569
1627854,Bryn Forbes,1610612759,SAS,26,0.5,0.7,0.644,0.3,0.9,0.386,0.7,1.6,0.439,0.1,0.2,0.333,0.2,0.4,0.455,2.1,5.4,0.388,11.2,63,0.417,1.2,1.4,0.833
1627741,Buddy Hield,1610612758,SAC,27,1.7,2.6,0.652,0.4,1.3,0.329,1.2,3,0.395,0.5,1.1,0.458,0.3,0.7,0.467,3,7.8,0.379,19.8,64,0.429,1.8,2,0.855
203468,CJ McCollum,1610612757,POR,28,2.2,3.9,0.561,1.7,3.8,0.438,2.2,4.5,0.493,0.4,0.6,0.6,0.3,0.6,0.514,2.2,6.2,0.347,22.5,62,0.453,2,2.6,0.75
101139,CJ Miles,1610612764,WAS,33,0.6,1.3,0.462,0.1,0.6,0.167,0.1,0.5,0.2,0,0.3,0,0.3,0.6,0.4,0.9,2.8,0.321,6.4,10,0.322,1.5,2,0.75
1628997,Caleb Martin,1610612766,CHA,24,0.8,1.9,0.4,0.1,0.2,0.333,0.1,0.5,0.222,0.1,0.1,0.5,0.2,0.4,0.6,0.9,1.7,0.533,6.2,18,0.44,0.9,1.2,0.81
1628403,Caleb Swanigan,1610612757,POR,23,0.8,1.2,0.724,0.2,0.5,0.5,0,0.2,0.25,0,0,0,0,0.1,0,0,0,0,2.4,27,0.596,0.3,0.6,0.529
1629629,Cam Reddish,1610612737,ATL,20,1.3,2.4,0.521,0.5,1.5,0.337,0.5,1.3,0.355,0.2,0.7,0.325,0.2,0.8,0.317,1,2.9,0.337,10.5,58,0.384,1.7,2.2,0.802
1629661,Cameron Johnson,1610612756,PHX,24,0.7,1.1,0.571,0,0.2,0.091,0.2,0.6,0.414,0.4,1,0.432,0.5,1.2,0.389,1,2.7,0.392,8.1,49,0.418,0.7,0.9,0.761
1627747,Caris LeVert,1610612751,BKN,25,2.5,4.7,0.535,1.6,4.6,0.354,0.4,1.4,0.309,0.2,0.5,0.444,0.1,0.2,0.571,1.5,4.2,0.368,17.7,39,0.414,3,4.1,0.72
2546,Carmelo Anthony,1610612757,POR,36,1.6,3,0.533,0.6,1.5,0.416,2.1,5.1,0.405,0.1,0.3,0.357,0.3,0.5,0.609,1.1,3.1,0.342,15.3,50,0.426,2.3,2.7,0.843
1629035,Carsen Edwards,1610612738,BOS,22,0.1,0.5,0.313,0,0.3,0,0.3,0.6,0.55,0,0.3,0,0,0.1,0.333,0.6,1.8,0.333,3,35,0.327,0.3,0.4,0.846
1626224,Cedi Osman,1610612739,CLE,25,1.6,2.7,0.579,0.4,1.1,0.366,0.2,0.6,0.35,0.2,0.4,0.448,0.3,0.7,0.391,1.4,3.7,0.379,11,65,0.437,1,1.4,0.67
1628990,Chandler Hutchison,1610612741,CHI,24,2,3.4,0.589,0.4,1.3,0.314,0,0.3,0.143,0.2,0.5,0.357,0.1,0.3,0.429,0.1,0.6,0.235,7.8,28,0.457,1.6,2.8,0.59
202718,Chandler Parsons,1610612737,ATL,31,0.2,0.6,0.333,0,0,0,0,0.3,0,0,0,0,0.3,0.5,0.5,0.6,2.4,0.25,2.8,5,0.278,0,0,0
1629718,Charles Brown Jr.,1610612737,ATL,23,0.2,0.7,0.333,0.1,0.5,0.25,0,0,0,0,0.2,0,0,0.3,0,0.3,0.8,0.429,2,10,0.316,0.5,0.5,1
1626184,Chasson Randle,1610612744,GSW,27,0,0,0,0,0,0,0,0.7,0,0,0,0,0,0,0,0,0.7,0,1.7,3,0,1.7,2,0.833
1627767,Cheick Diallo,1610612756,PHX,23,1.5,2.1,0.731,0.3,0.6,0.5,0.2,0.5,0.444,0,0,0,0,0,1,0,0,0,4.8,44,0.65,0.7,0.8,0.865
1629002,Chimezie Metu,1610612759,SAS,23,0.6,0.8,0.769,0.3,0.6,0.444,0.4,0.8,0.5,0,0,0,0,0,0,0,0.1,0,2.9,16,0.571,0.4,0.5,0.75
1628449,Chris Boucher,1610612761,TOR,27,1.5,2.4,0.614,0.1,0.4,0.35,0.1,0.2,0.333,0,0.1,0.167,0,0.2,0.2,0.5,1.5,0.301,6.3,55,0.458,1.5,1.9,0.796
1629185,Chris Chiozza,1610612751,BKN,24,0.5,1.1,0.435,0.2,0.5,0.333,0.1,0.3,0.167,0.1,0.2,0.333,0.1,0.1,1,0.8,1.8,0.432,4,21,0.405,0.1,0.1,1
1629598,Chris Clemons,1610612745,HOU,22,0.5,0.9,0.6,0,0.1,0.333,0.1,0.2,0.5,0,0,0,0.1,0.1,0.5,1.1,3.2,0.348,4.9,29,0.405,0.2,0.2,0.857
101108,Chris Paul,1610612760,OKC,35,0.9,1.1,0.771,1.6,3.2,0.505,2.2,4.1,0.539,0.1,0.3,0.333,0,0.2,0.167,1.5,3.8,0.386,17.7,63,0.489,3.6,4,0.9
1629735,Chris Silva,1610612748,MIA,23,0.9,1.3,0.706,0.1,0.3,0.364,0.1,0.2,0.6,0,0,0,0,0,0,0,0,0,2.9,41,0.623,0.8,1.2,0.694
1626174,Christian Wood,1610612765,DET,24,3,3.9,0.77,0.5,1.5,0.348,0.2,0.5,0.438,0.1,0.2,0.308,0.2,0.5,0.407,0.6,1.6,0.39,13.1,62,0.567,2.9,3.9,0.744
203991,Clint Capela,1610612737,ATL,26,5.6,8.1,0.691,0.6,1.7,0.358,0,0.1,0.25,0,0,0,0,0,0,0,0,0,13.9,39,0.629,1.4,2.7,0.529
1629632,Coby White,1610612741,CHI,20,1.7,3.5,0.496,0.4,1.2,0.372,0.6,1.7,0.336,0.2,0.6,0.317,0.1,0.2,0.467,1.7,4.9,0.354,13.2,65,0.394,1.6,2,0.791
1628998,Cody Martin,1610612766,CHA,24,1.3,2.1,0.64,0.1,0.3,0.214,0.1,0.4,0.25,0.1,0.4,0.235,0.1,0.4,0.143,0.3,1,0.261,5,48,0.43,0.9,1.4,0.646
203469,Cody Zeller,1610612766,CHA,27,3.5,5.5,0.634,0.5,1.4,0.354,0.1,0.1,0.6,0,0,1,0,0.1,0.333,0.3,1.2,0.225,11.1,58,0.524,2.1,3.1,0.682
1629012,Collin Sexton,1610612739,CLE,21,3.5,6.1,0.574,1.9,4.2,0.448,1,2.5,0.407,0.1,0.2,0.563,0.1,0.2,0.5,1.2,3.4,0.359,20.8,65,0.472,3.5,4.1,0.846
202709,Cory Joseph,1610612758,SAC,28,0.7,1.1,0.638,0.5,1.4,0.391,0.5,1.2,0.38,0.2,0.4,0.4,0.1,0.2,0.333,0.5,1.5,0.34,6.3,64,0.42,0.8,0.9,0.828
201584,Courtney Lee,1610612742,DAL,34,0.5,0.6,0.733,0.2,0.3,0.5,0.2,0.5,0.333,0.3,0.6,0.5,0.1,0.4,0.375,0.5,1.1,0.444,4.5,24,0.488,0.3,0.3,0.857
1626245,Cristiano Felicio,1610612741,CHI,27,1.5,2.1,0.705,0.1,0.3,0.5,0,0.1,0,0,0,0,0,0,0,0,0.1,0,3.9,22,0.63,0.8,1,0.783
1626156,D'Angelo Russell,1610612750,MIN,24,1.2,1.7,0.692,1.4,3.6,0.389,1.9,3.9,0.486,0.1,0.4,0.375,0.2,0.5,0.429,3.2,8.7,0.365,23.1,45,0.426,3.6,4.4,0.809
201571,D.J. Augustin,1610612753,ORL,32,1.1,2,0.525,0.4,1.3,0.355,0.4,1.3,0.355,0.1,0.3,0.4,0,0.2,0.182,1.1,2.9,0.361,10.4,49,0.393,2.8,3.2,0.885
1628391,D.J. Wilson,1610612749,MIL,24,0.6,0.9,0.704,0.1,0.3,0.25,0.2,0.4,0.455,0.2,0.3,0.714,0.2,0.4,0.571,0.2,1.3,0.122,3.2,31,0.396,0.2,0.3,0.667
1629610,DaQuan Jeffries,1610612758,SAC,22,0.4,0.4,1,0,0.2,0,0,0,0,0,1,0,0,0.5,0,0.2,0.4,0.5,1.2,6,0.429,0,0,0
1627745,Damian Jones,1610612737,ATL,24,2.1,2.8,0.757,0.1,0.2,0.231,0,0.1,0.25,0,0,0,0,0.1,0.4,0,0,0,5.6,55,0.68,1.1,1.5,0.738
203081,Damian Lillard,1610612757,POR,29,3.8,6.5,0.575,0.5,1.4,0.35,1,2.2,0.454,0.1,0.2,0.333,0.1,0.2,0.429,3.7,9.4,0.396,28.9,58,0.457,6.7,7.6,0.888
1627814,Damion Lee,1610612744,GSW,27,1.2,1.9,0.606,0.7,1.9,0.391,0.7,1.8,0.407,0.2,0.6,0.367,0.2,0.5,0.375,1.3,3.8,0.353,12.7,49,0.417,2.2,2.6,0.873
1628422,Damyean Dotson,1610612752,NYK,26,0.5,0.8,0.625,0.1,0.4,0.3,0.6,1.4,0.448,0.1,0.3,0.2,0.2,0.4,0.412,1,2.8,0.368,6.7,48,0.414,0.5,0.7,0.667
1629655,Daniel Gafford,1610612741,CHI,21,2.1,2.8,0.765,0.1,0.4,0.2,0,0,0,0,0,0,0,0,0,0,0,0,5.1,43,0.701,0.7,1.4,0.533
1628464,Daniel Theis,1610612738,BOS,28,2.5,3.5,0.707,0.5,1.2,0.448,0.3,0.5,0.517,0,0.1,0.5,0,0.2,0.125,0.4,1.2,0.343,9.3,58,0.565,1.4,1.8,0.764
201568,Danilo Gallinari,1610612760,OKC,31,1.4,2.2,0.631,0.4,1.3,0.278,1.2,2.8,0.438,0.1,0.4,0.3,0.2,0.5,0.423,2.7,6.5,0.416,19.2,55,0.439,4.3,4.8,0.886
201980,Danny Green,1610612747,LAL,33,0.7,1,0.651,0.2,0.5,0.467,0.2,0.5,0.303,0.5,1,0.466,0.4,1.1,0.362,1,2.8,0.355,8.2,61,0.419,0.5,0.7,0.727
203957,Dante Exum,1610612739,CLE,24,0.9,1.5,0.615,0.2,0.6,0.286,0.1,0.1,1,0.1,0.3,0.25,0,0.2,0.2,0.3,0.8,0.414,4.5,35,0.471,0.9,1.2,0.744
1627863,Danuel House Jr.,1610612745,HOU,27,1.4,2.3,0.621,0.1,0.5,0.25,0.1,0.2,0.385,0.3,0.8,0.383,0.5,1.5,0.345,1.1,3,0.37,10.2,58,0.427,1.2,1.5,0.8
203967,Dario Saric,1610612756,PHX,26,1.8,2.8,0.636,0.3,0.8,0.388,0.4,0.8,0.489,0.1,0.4,0.174,0.1,0.3,0.188,1.1,3,0.377,10.1,58,0.462,1.4,1.6,0.832
1629647,Darius Bazley,1610612760,OKC,20,0.8,1.5,0.557,0.2,0.8,0.25,0.1,0.2,0.333,0.2,0.4,0.5,0.2,0.6,0.259,0.3,1,0.259,4.5,53,0.383,0.6,0.9,0.681
1629636,Darius Garland,1610612739,CLE,20,1.1,2.5,0.441,0.9,2.1,0.431,1,2.3,0.426,0.2,0.6,0.389,0.2,0.4,0.435,1.4,4,0.343,12.3,59,0.401,1.1,1.2,0.875
1629133,Daryl Macon,1610612748,MIA,24,0,0,0,0,0,0,0,0.5,0,0.5,0.5,1,0,0,0,0,0.3,0,0.8,4,0.333,0,0,0
1628021,David Nwaba,1610612751,BKN,27,1.1,1.6,0.656,0.2,0.5,0.4,0,0.1,0,0.2,0.3,0.6,0.2,0.4,0.375,0.3,0.8,0.4,5.2,20,0.521,0.9,1.4,0.667
202722,Davis Bertans,1610612764,WAS,27,0.8,1.3,0.597,0.2,0.6,0.3,0.2,0.7,0.361,0.2,0.4,0.474,0.2,0.4,0.632,3.3,8,0.413,15.4,54,0.434,1.9,2.3,0.852
1628368,De'Aaron Fox,1610612758,SAC,22,3.8,6.1,0.631,1.8,4.4,0.408,0.6,1.5,0.412,0.1,0.4,0.176,0,0.2,0.143,1,2.9,0.341,20.4,45,0.475,4.8,6.8,0.703
1629631,De'Andre Hunter,1610612737,ATL,22,1.5,2.8,0.554,0.5,1.6,0.287,0.7,1.6,0.447,0.3,0.9,0.382,0.3,0.9,0.333,1.1,3.1,0.356,12.3,63,0.41,1.7,2.3,0.764
1629001,De'Anthony Melton,1610612763,MEM,22,1.3,2.2,0.596,0.5,1.3,0.406,0.3,1,0.283,0.1,0.3,0.429,0.1,0.2,0.5,0.5,1.8,0.286,8.1,52,0.419,1.7,2,0.821
201599,DeAndre Jordan,1610612751,BKN,31,3.3,4.7,0.689,0.1,0.4,0.4,0,0.1,0.333,0,0,0,0,0,0,0,0,0,8.3,56,0.666,1.5,2.2,0.68
1627761,DeAndre' Bembry,1610612737,ATL,25,1.6,2.8,0.588,0.4,0.9,0.474,0,0.1,0.167,0.1,0.4,0.294,0.1,0.3,0.273,0.2,0.8,0.194,5.8,43,0.456,0.6,1.1,0.542
201942,DeMar DeRozan,1610612759,SAS,30,3.3,4.7,0.707,2.4,5,0.468,2.4,5.4,0.447,0.1,0.2,0.444,0,0,0,0.1,0.3,0.211,22.2,61,0.526,5.5,6.6,0.843
201960,DeMarre Carroll,1610612745,HOU,33,0.4,0.6,0.615,0.2,0.6,0.417,0,0.1,0.5,0.1,0.3,0.4,0.2,0.4,0.6,0.1,0.8,0.118,3.5,21,0.389,1.1,1.7,0.667
1629731,Dean Wade,1610612739,CLE,23,0.6,0.8,0.778,0,0,0,0,0,0,0,0,0,0.1,0.2,0.5,0.1,0.2,0.5,1.7,12,0.692,0,0.1,0
1629028,Deandre Ayton,1610612756,PHX,21,5.4,8,0.678,1.7,3.6,0.486,1.4,3.9,0.353,0,0,0,0,0,0,0,0.1,0,19,30,0.548,2,2.6,0.769
1627749,Dejounte Murray,1610612759,SAS,23,1.8,3.2,0.568,0.8,2,0.395,1.2,2.6,0.477,0.1,0.3,0.375,0.1,0.3,0.429,0.4,1,0.373,10.7,58,0.475,1.3,1.6,0.798
1626153,Delon Wright,1610612742,DAL,28,1.6,2.5,0.63,0.4,1.3,0.298,0.1,0.2,0.333,0.1,0.2,0.545,0.1,0.2,0.615,0.5,1.4,0.344,7.3,65,0.47,1.1,1.4,0.789
203471,Dennis Schroder,1610612760,OKC,26,2.4,3.8,0.629,0.9,2.3,0.37,1.8,3.8,0.481,0.2,0.4,0.52,0.1,0.2,0.5,1.7,4.5,0.37,19,63,0.468,3.1,3.7,0.839
1628372,Dennis Smith Jr.,1610612752,NYK,22,1.1,2.2,0.507,0.3,0.9,0.281,0.3,1.5,0.18,0,0.2,0.2,0.1,0.1,0.5,0.4,1.3,0.289,5.5,34,0.341,0.8,1.6,0.509
1627756,Denzel Valentine,1610612741,CHI,26,0.2,0.3,0.5,0.9,1.7,0.508,0.4,0.9,0.517,0.1,0.3,0.5,0.2,0.4,0.385,1,3.2,0.325,6.8,36,0.409,0.2,0.2,0.75
1629126,Deonte Burton,1610612760,OKC,26,0.8,1.3,0.605,0,0.3,0.1,0.1,0.2,0.333,0,0.2,0.25,0.1,0.4,0.125,0.2,0.9,0.25,2.8,34,0.371,0.2,0.4,0.5
202324,Derrick Favors,1610612740,NOP,28,3.6,5.1,0.712,0.4,1,0.386,0.2,0.6,0.32,0,0.1,0.25,0,0,0,0,0,0,9.2,45,0.62,0.8,1.4,0.581
1627884,Derrick Jones Jr.,1610612748,MIA,23,2.5,3.3,0.737,0.1,0.5,0.304,0,0.1,0.286,0.2,0.8,0.297,0.1,0.7,0.171,0.3,1,0.347,8.9,51,0.514,1.7,2.2,0.779
201565,Derrick Rose,1610612765,DET,31,3.5,5.5,0.635,1.7,3.7,0.454,1.3,2.9,0.449,0.1,0.2,0.375,0.1,0.2,0.545,0.7,2.5,0.283,18.1,50,0.49,2.4,2.8,0.871
1628476,Derrick Walton Jr.,1610612765,DET,25,0.1,0.1,0.667,0,0,1,0.2,0.5,0.455,0.1,0.2,0.333,0.1,0.3,0.2,0.3,0.6,0.5,2,26,0.462,0.3,0.3,0.778
1628401,Derrick White,1610612759,SAS,25,1.4,2.4,0.578,0.8,1.6,0.526,0.3,1,0.333,0.1,0.3,0.313,0.1,0.2,0.667,0.8,2.2,0.348,10.4,61,0.459,2.5,2.9,0.857
1626164,Devin Booker,1610612756,PHX,23,3.2,4.7,0.69,1.5,3.1,0.471,2.1,4.6,0.444,0.2,0.3,0.476,0.1,0.2,0.267,1.8,5,0.358,26.1,62,0.487,6.5,7.1,0.916
1628985,Devon Hall,1610612760,OKC,24,0.2,0.4,0.5,0,0.3,0,0,0,0,0,0,0,0,0,0,0,0.4,0,1,5,0.2,0.6,0.8,0.75
1628984,Devonte' Graham,1610612766,CHA,25,1.2,2.4,0.49,0.6,1.9,0.322,0.6,1.7,0.352,0.1,0.3,0.412,0.2,0.4,0.435,3.2,8.6,0.37,18.2,63,0.382,3,3.7,0.82
1629608,Dewan Hernandez,1610612761,TOR,23,0.3,1,0.25,0,0,0,0,0,0,0,0,0,0,0,0,0,0.3,0,1,4,0.2,0.5,0.5,1
203473,Dewayne Dedmon,1610612737,ATL,30,1.4,2.1,0.663,0.3,0.8,0.297,0.2,0.4,0.421,0,0.1,0.2,0.1,0.4,0.133,0.4,2,0.218,5.8,44,0.4,0.7,0.8,0.833
1628415,Dillon Brooks,1610612763,MEM,24,1.4,2.9,0.497,1.2,3.1,0.376,1.1,2.7,0.399,0.1,0.3,0.263,0.1,0.4,0.364,1.8,4.9,0.377,15.7,65,0.402,2.2,2.7,0.809
203079,Dion Waiters,1610612747,LAL,28,0.3,2,0.167,0,0,0,0.3,1,0.333,0.3,0.7,0.5,0,0.3,0,2.3,4.7,0.5,9.3,3,0.385,0,0.3,0
1627734,Domantas Sabonis,1610612754,IND,24,5.1,7.8,0.648,1,2.5,0.41,1,2.2,0.446,0,0,0.5,0,0.1,0,0.3,1,0.262,18.5,62,0.54,3.5,4.8,0.723
1628378,Donovan Mitchell,1610612762,UTA,23,2.6,4.2,0.611,2.2,5.2,0.434,1.6,3.4,0.465,0.1,0.4,0.296,0.3,0.5,0.5,2.1,5.8,0.361,24.2,63,0.453,4,4.6,0.859
1629743,Donta Hall,1610612765,DET,22,0.3,1,0.25,0,0,0,0,0,0,0,0,0,0,0,0,0,0,0,1.5,4,0.25,1,1.5,0.667
1628978,Donte DiVincenzo,1610612749,MIL,23,1.8,2.9,0.641,0.1,0.5,0.286,0.3,0.6,0.5,0.1,0.3,0.222,0.1,0.3,0.4,1.1,3.1,0.353,9.4,59,0.462,1,1.3,0.769
1627827,Dorian Finney-Smith,1610612742,DAL,27,1.6,2.5,0.656,0.1,0.4,0.348,0.1,0.2,0.308,0.5,1.1,0.425,0.4,1,0.444,0.6,2,0.313,9.3,64,0.468,1.1,1.5,0.722
203926,Doug McDermott,1610612754,IND,28,1.5,2.2,0.686,0.2,0.5,0.433,0.2,0.9,0.259,0.4,1,0.436,0.1,0.2,0.417,1.5,3.2,0.452,10.4,62,0.491,0.7,0.8,0.827
1627733,Dragan Bender,1610612744,GSW,22,1.2,1.9,0.613,0.4,1.1,0.389,0,0,0,0.1,0.5,0.25,0.2,0.4,0.6,0.6,1.9,0.333,6.7,16,0.446,0.6,0.9,0.714
203110,Draymond Green,1610612744,GSW,30,1.3,2.1,0.604,0.5,1.3,0.37,0.3,1,0.286,0,0.1,0.25,0.1,0.2,0.333,0.7,2.7,0.276,8,43,0.389,1.5,1.9,0.759
1629234,Drew Eubanks,1610612759,SAS,23,0.8,1.1,0.733,0.5,0.7,0.667,0.3,0.3,1,0,0,0,0.1,0.1,1,0,0,0,3.6,14,0.75,0.6,0.8,0.727
1629130,Duncan Robinson,1610612748,MIA,26,0.6,0.7,0.783,0,0.2,0.3,0.1,0.2,0.286,0.6,1,0.581,0.5,1.2,0.442,2.7,6.2,0.429,13.3,65,0.467,0.7,0.8,0.906
1628605,Dusty Hannahs,1610612763,MEM,26,0.5,0.5,1,0.5,2,0.25,0,0.5,0,0,0,0,0,0,0,1,1.5,0.667,6,2,0.444,1,1,1
1628407,Dwayne Bacon,1610612766,CHA,24,1,2.4,0.421,0.5,1.4,0.345,0.2,0.7,0.259,0.1,0.3,0.222,0,0.1,0.5,0.4,1.5,0.286,5.7,39,0.348,0.9,1.4,0.66
2730,Dwight Howard,1610612747,LAL,34,2.8,3.5,0.79,0.2,0.5,0.333,0,0,0.667,0,0,1,0,0,0,0,0,0.667,7.5,62,0.732,1.4,2.9,0.494
203939,Dwight Powell,1610612742,DAL,28,3.3,4.1,0.788,0.2,0.5,0.286,0,0.1,0,0,0.1,0.2,0.1,0.2,0.429,0.2,0.7,0.222,9.4,40,0.638,1.9,2.8,0.667
1629058,Dzanan Musa,1610612751,BKN,21,0.9,1.8,0.5,0.2,0.4,0.385,0,0,0,0,0.1,0,0.1,0.4,0.333,0.4,1.6,0.222,4.2,35,0.36,0.9,1.3,0.75
202734,E'Twaun Moore,1610612740,NOP,31,0.9,1.5,0.605,1,2.3,0.419,0.4,1.1,0.333,0.2,0.7,0.333,0.2,0.5,0.4,0.8,2.1,0.381,8.6,51,0.424,0.6,0.8,0.674
202334,Ed Davis,1610612762,UTA,31,0.5,0.9,0.545,0,0.4,0.091,0,0,1,0,0,0,0,0,0,0,0,0,1.3,25,0.412,0.2,0.4,0.455
1628410,Edmond Sumner,1610612754,IND,24,1.3,2.1,0.623,0.1,0.6,0.2,0,0.2,0.2,0.1,0.3,0.429,0.2,0.2,0.75,0.2,1.1,0.148,4.6,25,0.423,0.4,0.6,0.667
203901,Elfrid Payton,1610612752,NYK,26,2.5,4.6,0.551,1.1,2.6,0.403,0.4,1,0.383,0,0.1,0,0.1,0.2,0.375,0.2,1.3,0.19,10,45,0.439,1.1,1.9,0.57
1629059,Elie Okobo,1610612756,PHX,22,0.7,1.2,0.545,0.1,0.5,0.231,0.1,0.3,0.278,0.1,0.3,0.5,0,0.1,0.2,0.4,1,0.345,4,54,0.398,0.9,1.2,0.687
1626144,Emmanuel Mudiay,1610612762,UTA,24,1,1.9,0.556,0.8,1.6,0.487,0.5,1,0.468,0.1,0.4,0.25,0.1,0.2,0.429,0.4,1.1,0.385,7.3,48,0.471,1.1,1.4,0.754
202683,Enes Kanter,1610612738,BOS,28,2.9,4.6,0.616,0.4,1,0.431,0.1,0.3,0.438,0,0,0,0,0,0,0,0.1,0.167,8.2,51,0.566,1.2,1.7,0.708
202339,Eric Bledsoe,1610612749,MIL,30,3.1,4.7,0.674,0.8,2.3,0.349,0.5,1.3,0.394,0,0.2,0.154,0.1,0.3,0.313,1.1,3.1,0.366,15.4,56,0.482,2.8,3.4,0.813
201569,Eric Gordon,1610612745,HOU,31,1.7,3.3,0.532,0.3,0.9,0.333,0,0.3,0.111,0.1,0.4,0.357,0,0.3,0,2.6,7.7,0.333,14.5,34,0.37,2.3,3,0.757
1628450,Eric Mika,1610612758,SAC,25,1,2,0.5,1,1,1,0,0,0,0,0,0,0,0,0,0,0,0,6,1,0.667,2,2,1
1629672,Eric Paschall,1610612744,GSW,23,2.8,4.1,0.68,1,2.3,0.426,0.9,2.1,0.43,0.1,0.3,0.294,0.1,0.3,0.294,0.5,1.6,0.29,14,60,0.497,2.7,3.5,0.774
101141,Ersan Ilyasova,1610612749,MIL,33,1.1,1.9,0.569,0.3,0.6,0.444,0.2,0.4,0.619,0.1,0.2,0.5,0.1,0.4,0.182,0.6,1.6,0.4,6.8,56,0.472,1.1,1.3,0.827
203095,Evan Fournier,1610612753,ORL,27,2,3,0.654,1,2.3,0.415,1,2.2,0.459,0.5,0.8,0.549,0.1,0.2,0.417,2.2,5.6,0.387,18.8,61,0.47,2.8,3.4,0.82
202323,Evan Turner,1610612750,MIN,31,0.6,1.1,0.524,0.3,1.1,0.286,0.4,1.1,0.4,0,0,0,0,0.1,0,0,0.2,0,3.3,19,0.373,0.6,0.7,0.857
1628402,Frank Jackson,1610612740,NOP,22,0.6,1.2,0.476,0.3,0.8,0.4,0.3,0.7,0.412,0.2,0.5,0.429,0.2,0.6,0.375,0.4,1.5,0.288,5.6,51,0.385,0.9,1.3,0.75
1626163,Frank Kaminsky,1610612756,PHX,27,1.7,2.9,0.574,0.8,1.7,0.5,0.2,0.6,0.35,0,0.1,0.333,0.1,0.1,0.5,1.1,3.3,0.346,11,32,0.455,1.8,2.8,0.67
1628412,Frank Mason,1610612749,MIL,26,0.4,0.8,0.5,0,0.6,0,0.2,0.3,0.5,0,0.7,0,0,0.5,0,0.4,1.4,0.286,2.3,6,0.263,0.3,0.7,0.5
1628373,Frank Ntilikina,1610612752,NYK,21,0.7,1.2,0.551,0.3,0.7,0.35,0.6,1.6,0.402,0.1,0.2,0.583,0.1,0.3,0.412,0.5,1.9,0.28,6.3,57,0.393,0.9,1,0.864
1627832,Fred VanVleet,1610612761,TOR,26,2.6,5.1,0.512,0.3,1.3,0.197,0.4,1.2,0.328,0.3,0.6,0.452,0.2,0.6,0.423,2.2,5.8,0.379,17.6,48,0.409,2.9,3.5,0.843
1627788,Furkan Korkmaz,1610612755,PHI,22,0.7,1.2,0.635,0.4,1,0.394,0.4,0.9,0.404,0.3,0.6,0.485,0.3,0.6,0.526,1.4,3.8,0.367,9.7,64,0.432,0.8,1.1,0.736
1629216,Gabe Vincent,1610612748,MIA,24,0,0.3,0,0,0.3,0,0,0.3,0,0,0,0,0,1,0,0.8,2.8,0.286,2,6,0.211,0,0,0
202066,Garrett Temple,1610612751,BKN,34,1.1,2,0.546,0.2,0.6,0.419,0.3,0.7,0.359,0.5,1.1,0.417,0.3,0.9,0.306,1.3,4.3,0.304,10.3,55,0.378,1,1.3,0.767
1629726,Garrison Mathews,1610612764,WAS,23,0.1,0.1,1,0.1,0.2,0.333,0.2,0.4,0.5,0.2,0.3,0.75,0.2,0.5,0.286,0.8,1.9,0.4,5.4,18,0.429,1.7,1.9,0.912
1629109,Gary Clark,1610612753,ORL,25,0.3,0.3,0.833,0,0,0,0,0.1,0,0.3,0.6,0.438,0.2,0.5,0.417,0.5,1.7,0.276,3.2,35,0.376,0.2,0.3,0.889
203914,Gary Harris,1610612743,DEN,25,1.8,3.1,0.585,0.4,1.4,0.253,0.4,1,0.439,0.4,0.8,0.5,0.2,0.4,0.455,0.7,2.5,0.271,10.4,56,0.42,1.3,1.6,0.815
1627780,Gary Payton II,1610612764,WAS,27,1.2,1.9,0.647,0,0.6,0.067,0,0.2,0.2,0.2,0.7,0.333,0.1,0.4,0.167,0.2,0.8,0.292,3.9,29,0.414,0.1,0.3,0.5
1629018,Gary Trent Jr.,1610612757,POR,21,0.5,0.9,0.596,0.2,0.7,0.371,0.6,1.3,0.448,0.3,0.5,0.522,0.2,0.8,0.265,1.1,2.8,0.399,7.7,53,0.426,0.6,0.7,0.833
201588,George Hill,1610612749,MIL,34,1.6,2.3,0.681,0.2,0.7,0.324,0.2,0.5,0.429,0.2,0.4,0.545,0.2,0.3,0.5,1,2.2,0.469,9.6,52,0.53,1.3,1.6,0.831
1627777,Georges Niang,1610612762,UTA,27,0.5,0.6,0.73,0.2,0.6,0.394,0.1,0.2,0.3,0.4,0.9,0.426,0.4,0.8,0.462,0.7,1.7,0.394,5.8,58,0.453,0.3,0.4,0.864
203507,Giannis Antetokounmpo,1610612749,MIL,25,7.6,10.4,0.729,1.1,2.9,0.394,0.7,1.9,0.38,0.1,0.1,0.625,0,0,0,1.4,4.6,0.299,29.6,57,0.547,6.3,10,0.633
203922,Glenn Robinson III,1610612755,PHI,26,1.6,2.5,0.667,0.8,1.7,0.442,1.1,2.3,0.463,0.2,0.6,0.333,0.3,0.7,0.487,0.7,1.9,0.374,11.8,60,0.486,1.2,1.4,0.867
1629048,Goga Bitadze,1610612754,IND,20,0.5,0.7,0.765,0.3,0.5,0.52,0.3,0.7,0.471,0.1,0.1,1,0,0.1,0,0.1,0.6,0.133,3.1,49,0.473,0.5,0.7,0.727
201609,Goran Dragic,1610612748,MIA,34,1.7,2.6,0.65,0.8,2.2,0.37,0.6,1.6,0.398,0.3,0.5,0.586,0.2,0.6,0.267,1.7,4.7,0.368,16.1,54,0.437,3.1,4.1,0.769
202330,Gordon Hayward,1610612738,BOS,30,2.5,3.6,0.689,1.2,2.8,0.441,1.4,2.9,0.492,0.2,0.5,0.381,0.2,0.5,0.409,1.3,3.2,0.39,17.3,45,0.502,2.1,2.5,0.847
203476,Gorgui Dieng,1610612763,MEM,30,1.2,1.8,0.654,0.3,0.7,0.405,0.4,0.9,0.4,0.2,0.4,0.421,0.2,0.4,0.444,0.6,1.8,0.333,7.4,58,0.461,1.1,1.4,0.735
1629684,Grant Williams,1610612738,BOS,21,0.7,1,0.656,0.2,0.5,0.464,0.1,0.2,0.267,0.2,0.5,0.36,0,0.2,0.154,0.2,0.7,0.222,3.5,62,0.417,0.6,0.8,0.725
1628960,Grayson Allen,1610612763,MEM,24,0.9,1.2,0.73,0.5,1.3,0.375,0.1,0.3,0.5,0.5,0.8,0.571,0,0.2,0,0.7,2.1,0.328,7.4,30,0.449,1,1.2,0.857
1628977,Hamidou Diallo,1610612760,OKC,21,1.9,3.2,0.598,0.3,1.1,0.262,0.2,0.5,0.4,0.1,0.5,0.294,0.1,0.4,0.182,0,0.2,0,6.1,38,0.452,0.7,1.2,0.622
203084,Harrison Barnes,1610612758,SAC,28,2.5,4,0.619,0.9,2.4,0.379,0.3,0.9,0.276,0.3,0.7,0.442,0.2,0.8,0.292,0.9,2.4,0.391,14.7,64,0.459,3.1,3.8,0.803
1628385,Harry Giles III,1610612758,SAC,22,1.8,2.4,0.767,0.5,1.6,0.339,0.7,1.5,0.466,0,0,0,0,0,0,0,0,0,7,38,0.56,0.9,1.1,0.767
202355,Hassan Whiteside,1610612757,POR,31,4.9,6.7,0.723,1.4,2.9,0.472,0.5,1.3,0.413,0,0,0,0,0,0,0.1,0.1,0.571,16.3,61,0.618,2.5,3.7,0.68
1627740,Henry Ellenson,1610612751,BKN,23,0.2,0.4,0.5,0,0.2,0,0,0,0,NA,NA,NA,0,0.7,0,0,0.4,0,0.4,5,0.143,0,0,0
101133,Ian Mahinmi,1610612764,WAS,33,2,3.2,0.615,0.6,1.4,0.4,0.1,0.2,0.286,0,0.1,0.333,0,0,0,0.1,0.6,0.19,7.4,38,0.495,1.8,3,0.619
1629649,Ignas Brazdeikis,1610612752,NYK,21,0.6,0.8,0.833,0,0.4,0,0,0.4,0,0,0.2,0,0,0,0,0.1,1,0.125,1.9,9,0.273,0.4,0.6,0.8
202697,Iman Shumpert,1610612751,BKN,29,0.5,0.8,0.636,0.2,0.2,0.667,0.3,1.3,0.235,0,0.4,0,0.3,0.3,0.75,0.4,1.8,0.208,4.2,13,0.328,0.3,0.5,0.571
1629067,Isaac Bonga,1610612764,WAS,20,1.1,1.7,0.619,0.2,0.4,0.5,0,0.1,0.25,0.1,0.3,0.538,0.1,0.2,0.4,0.2,0.5,0.355,4.6,58,0.522,0.9,1.1,0.813
1628392,Isaiah Hartenstein,1610612745,HOU,22,1.8,2.3,0.78,0.2,0.5,0.4,0.1,0.1,0.5,0,0.1,0,0,0,0,0,0.2,0,4.7,23,0.657,0.8,1.2,0.679
1629676,Isaiah Roby,1610612760,OKC,22,0,0.3,0,0,0,0,0,0,0,NA,NA,NA,0,0,0,0,0,0,0,3,0,0,0,0
202738,Isaiah Thomas,1610612764,WAS,31,0.5,1.1,0.465,0.8,2.3,0.344,1.1,2.5,0.436,0.1,0.2,0.375,0.1,0.4,0.313,1.8,4.2,0.424,12.2,40,0.408,1.6,1.9,0.816
202397,Ish Smith,1610612764,WAS,31,1.7,2.8,0.589,0.7,1.7,0.414,1.1,2.7,0.409,0.1,0.3,0.263,0.2,0.5,0.407,0.7,1.7,0.375,10.5,60,0.451,0.8,1.2,0.686
1627826,Ivica Zubac,1610612746,LAC,23,2.5,3.9,0.641,0.4,1,0.452,0.2,0.4,0.625,0,0,0,0,0,0,0,0,0,8,64,0.601,1.7,2.2,0.759
200826,J.J. Barea,1610612742,DAL,35,1.1,1.9,0.56,0.3,1.1,0.276,0.3,0.9,0.375,0.1,0.3,0.429,0,0,1,1,2.6,0.373,7.5,26,0.413,0.7,0.7,0.944
1629122,J.P. Macura,1610612739,CLE,25,NA,NA,NA,NA,NA,NA,0,0,0,NA,NA,NA,NA,NA,NA,0,0,0,0,1,0,0,0,0
200755,JJ Redick,1610612740,NOP,35,0.5,0.9,0.553,0.1,0.6,0.226,1.1,2.5,0.463,0.1,0.4,0.318,0.4,0.7,0.622,2.3,5.3,0.439,14.9,54,0.45,2.7,3,0.902
1629630,Ja Morant,1610612763,MEM,20,3.7,6.4,0.575,1.6,3.6,0.45,0.5,1.2,0.408,0.1,0.1,0.429,0.1,0.1,0.5,0.7,2,0.367,17.6,59,0.491,3.5,4.5,0.77
203960,JaKarr Sampson,1610612754,IND,27,1.4,2,0.712,0.2,0.3,0.556,0.2,0.3,0.571,0,0.3,0,0.1,0.3,0.25,0,0.1,0.333,4.2,26,0.593,0.4,0.8,0.55
203210,JaMychal Green,1610612746,LAC,30,0.7,1.3,0.577,0.1,0.4,0.35,0.1,0.1,0.375,0.2,0.5,0.5,0.1,0.5,0.292,1,2.8,0.355,6.5,55,0.414,0.6,0.8,0.727
201580,JaVale McGee,1610612747,LAL,32,2.5,3.6,0.708,0.3,0.8,0.373,0.1,0.1,0.571,0,0,0,0,0,0,0,0.1,0.6,6.8,61,0.64,0.8,1.2,0.653
203953,Jabari Parker,1610612758,SAC,25,4,5.6,0.714,0.8,2,0.415,0.3,1,0.273,0.2,0.8,0.304,0.2,0.5,0.375,0.5,2.3,0.24,14.7,33,0.499,1.7,2.2,0.743
1628980,Jacob Evans,1610612750,MIN,23,0.2,0.7,0.368,0.3,1,0.333,0.6,1.8,0.327,0,0.2,0.2,0.1,0.2,0.4,0.3,1,0.345,4.4,29,0.336,0.9,1,0.862
203109,Jae Crowder,1610612748,MIA,29,1.2,1.8,0.632,0.1,0.4,0.227,0.2,0.5,0.4,0.2,0.6,0.412,0.2,0.9,0.271,1.5,4.7,0.315,10.4,58,0.384,1.6,2.1,0.785
1626143,Jahlil Okafor,1610612740,NOP,24,2.4,3.4,0.713,0.7,1.6,0.413,0,0.1,0.5,0,0,0,0,0,0,0,0.1,0.5,7.6,28,0.611,1.3,2.1,0.638
1627774,Jake Layman,1610612750,MIN,26,1.8,3,0.603,0.3,1,0.292,0.4,0.7,0.6,0.1,0.3,0.286,0.2,0.4,0.375,0.8,2.5,0.333,9.1,23,0.453,1,1.4,0.75
1627751,Jakob Poeltl,1610612759,SAS,24,1.8,2.6,0.687,0.5,1.1,0.459,0.1,0.1,0.571,0,0,0,0,0,0,0,0,0,5.3,58,0.619,0.6,1.3,0.486
1628973,Jalen Brunson,1610612742,DAL,23,1,1.6,0.615,0.8,1.8,0.455,0.7,1.4,0.474,0.1,0.3,0.308,0.1,0.3,0.375,0.6,1.6,0.363,8.2,57,0.466,1.1,1.3,0.813
1629665,Jalen Lecque,1610612756,PHX,20,0.8,1,0.75,0,0,0,0.3,0.5,0.5,0,0,0,0,0.7,0,0,0.5,0,2.5,4,0.4,0.5,0.5,1
1629667,Jalen McDaniels,1610612766,CHA,22,1,1.8,0.571,0.5,1,0.467,0.1,0.2,0.333,0.1,0.4,0.333,0.3,0.6,0.5,0.2,0.6,0.333,5.6,16,0.471,0.9,1.1,0.824
1627750,Jamal Murray,1610612743,DEN,23,2.1,3.3,0.63,1.1,2.5,0.453,1.9,4,0.464,0.1,0.3,0.467,0.1,0.3,0.353,1.7,4.9,0.34,18.8,55,0.455,2.9,3.2,0.893
203516,James Ennis III,1610612753,ORL,29,1.2,2,0.598,0.1,0.3,0.263,0,0.2,0.214,0.2,0.5,0.385,0.2,0.5,0.423,0.4,1.4,0.306,6,61,0.435,1,1.3,0.808
201935,James Harden,1610612745,HOU,30,4,6.3,0.625,1.3,3.5,0.379,0.1,0.3,0.563,0.1,0.3,0.389,0.1,0.3,0.353,4.2,12,0.352,34.4,61,0.435,10.1,11.8,0.861
201949,James Johnson,1610612750,MIN,33,1.9,2.8,0.681,0.2,0.8,0.2,0.1,0.3,0.375,0.1,0.3,0.5,0,0.3,0.111,0.9,2.3,0.389,8.4,32,0.479,1,1.5,0.646
201162,Jared Dudley,1610612747,LAL,34,0.1,0.3,0.2,0,0.1,0.5,0,0.1,0.25,0.1,0.2,0.667,0.2,0.4,0.571,0.3,0.6,0.417,1.5,40,0.4,0.1,0.1,1
1629607,Jared Harper,1610612756,PHX,22,0,0,0,0.5,1,0.5,0,0,0,0,0,0,0,0,0,0,0.7,0,0.7,3,0.25,0,0,0
1628991,Jaren Jackson Jr.,1610612763,MEM,20,2.4,3.7,0.652,1.1,2.7,0.395,0.1,0.3,0.375,0.2,0.6,0.355,0.3,0.8,0.429,2,4.9,0.398,16.9,54,0.468,2.3,3.1,0.741
1629020,Jarred Vanderbilt,1610612750,MIN,21,0.5,0.6,0.714,0,0,0,0,0,0,0,0,0,0,0.2,0,0,0,0,1.1,11,0.625,0.2,0.2,1
1629714,Jarrell Brantley,1610612762,UTA,24,0,0,0,0,0,0,0,0,0,0,0,0,NA,NA,NA,0,0,0,0,5,0,0,0,0
1628386,Jarrett Allen,1610612751,BKN,22,3.9,5.5,0.711,0.3,0.8,0.315,0,0.1,0.25,0,0,0,0,0,0,0,0,0,10.6,64,0.646,2.3,3.7,0.62
1629633,Jarrett Culver,1610612750,MIN,21,2.2,4,0.543,0.3,1.1,0.243,0.1,0.4,0.375,0.1,0.3,0.222,0.1,0.4,0.24,0.9,2.8,0.316,9.2,63,0.404,0.9,1.9,0.462
1627784,Jarrod Uthoff,1610612763,MEM,27,0,0.3,0,0.5,1,0.5,0,0,0,NA,NA,NA,0,0,0,0,1,0,1,4,0.143,0.5,0.5,1
1629750,Javonte Green,1610612738,BOS,26,0.8,1.3,0.618,0.2,0.4,0.412,0,0.1,0.667,0,0.2,0.2,0.1,0.1,0.5,0.1,0.3,0.214,2.9,44,0.5,0.5,0.8,0.639
1629637,Jaxson Hayes,1610612740,NOP,20,2.7,3.7,0.716,0.1,0.4,0.19,0,0,0.5,0,0,1,0,0,0,0,0,0,7.5,56,0.66,1.9,3.1,0.63
1627759,Jaylen Brown,1610612738,BOS,23,3.3,5,0.655,1.4,3,0.457,0.8,1.8,0.429,0.4,1,0.457,0.4,0.7,0.486,1.4,4,0.347,20.4,50,0.49,3.2,4.3,0.736
1629658,Jaylen Hoard,1610612757,POR,21,1.3,1.7,0.75,0,0.7,0,0,0.1,0,0,0,0,0,0,0,0,0.2,0,2.9,13,0.469,0.6,1,0.615
1629669,Jaylen Nowell,1610612750,MIN,20,0.6,1.1,0.529,0.3,0.5,0.571,0.2,0.3,0.75,0.1,0.7,0.125,0,0,0,0.1,1.2,0.118,3.8,15,0.358,1.1,1.1,0.941
1628369,Jayson Tatum,1610612738,BOS,22,3.3,5.6,0.593,1.1,3.1,0.372,1.2,3.1,0.376,0.4,0.8,0.5,0.1,0.6,0.206,2.3,5.7,0.405,23.6,59,0.448,3.8,4.7,0.806
201145,Jeff Green,1610612745,HOU,33,1.3,1.9,0.662,0.3,0.9,0.371,0.1,0.3,0.333,0.3,0.8,0.355,0.3,0.7,0.417,0.7,1.9,0.355,8.4,40,0.444,1.4,1.8,0.781
201952,Jeff Teague,1610612737,ATL,32,1.6,2.8,0.57,1,2.8,0.367,0.3,0.7,0.366,0,0.1,0.25,0.1,0.1,0.571,0.6,1.8,0.358,10.9,59,0.436,2.9,3.3,0.873
203924,Jerami Grant,1610612743,DEN,26,2,3.1,0.662,0.3,1.2,0.253,0.4,1,0.388,0.1,0.5,0.179,0.3,0.7,0.452,1,2.3,0.429,11.6,64,0.471,2,2.7,0.744
1629725,Jeremiah Martin,1610612751,BKN,24,0.3,0.7,0.5,0,0,0,0,0.7,0,0,0.5,0,0,0,0,0,0,0,0.7,3,0.2,0,0,0
203087,Jeremy Lamb,1610612754,IND,28,1.4,2.3,0.593,0.7,1.7,0.447,1.4,3,0.474,0.1,0.3,0.308,0.1,0.3,0.429,0.9,2.8,0.331,12.5,46,0.451,2,2.4,0.836
202951,Jeremy Pargo,1610612744,GSW,34,1.7,2,0.833,0.7,2,0.333,0.3,1,0.333,0,0,0,0,0,0,1,2.3,0.429,8.3,3,0.5,0,0.3,0
1629010,Jerome Robinson,1610612764,WAS,23,0.4,0.7,0.556,0.1,0.5,0.2,0.4,1,0.373,0.1,0.5,0.217,0.1,0.3,0.25,0.4,1.3,0.333,3.7,55,0.347,0.4,0.5,0.69
1628975,Jevon Carter,1610612756,PHX,24,0.4,0.8,0.474,0,0.3,0.154,0.3,0.7,0.432,0.1,0.6,0.238,0.2,0.4,0.563,0.6,1.6,0.41,4.6,50,0.4,0.4,0.5,0.84
202710,Jimmy Butler,1610612748,MIA,30,3.2,5.1,0.637,1.4,3.2,0.434,0.9,2.9,0.31,0,0.1,0.286,0.1,0.4,0.211,0.4,1.6,0.267,20.2,54,0.454,7.6,9.1,0.833
1629147,Joe Chealey,1610612766,CHA,24,0,0.3,0,0,0.7,0,0,0,0,0,0.5,0,0,0.7,0,0,0.3,0,0.5,4,0,0.5,0.5,1
203925,Joe Harris,1610612751,BKN,28,2.2,3.6,0.616,0.4,1.1,0.338,0.3,0.6,0.41,0.4,0.5,0.676,0.2,0.5,0.323,1.9,4.8,0.391,13.9,63,0.471,1,1.3,0.747
204060,Joe Ingles,1610612762,UTA,32,0.9,1.5,0.638,0.4,1,0.391,0.2,0.4,0.407,0.2,0.5,0.333,0.2,0.6,0.361,1.5,3.8,0.409,9.8,64,0.441,1,1.3,0.774
203954,Joel Embiid,1610612755,PHI,26,3.2,4.6,0.693,1.1,2.9,0.391,2,4.8,0.41,0,0.1,0.667,0,0.1,0,1.2,3.5,0.355,23.4,44,0.474,7.1,8.7,0.814
1628381,John Collins,1610612737,ATL,22,5.8,7.8,0.745,1,2.3,0.421,0.4,1.1,0.378,0.1,0.2,0.5,0.1,0.3,0.273,1.3,3.1,0.409,21.6,41,0.583,2.9,3.7,0.8
203089,John Henson,1610612765,DET,29,1.6,2.2,0.739,0.5,1.1,0.477,0,0.1,0.333,0.1,0.2,0.375,0,0.1,0.333,0.1,0.6,0.167,5.5,40,0.556,0.6,1.2,0.5
1629723,John Konchar,1610612763,MEM,24,1.1,1.6,0.727,0.1,0.2,0.667,0.1,0.1,1,0,0.3,0,0,0.1,0,0.3,0.4,0.8,3.4,15,0.657,0.1,0.1,0.5
1628405,Johnathan Motley,1610612746,LAC,25,0.9,1,0.909,0,0.3,0,0,0,0,0,0,0,0,0,0,0.1,0.1,1,2.2,13,0.733,0.4,0.5,0.714
1629140,Johnathan Williams,1610612764,WAS,25,1.1,1.2,0.917,0.3,0.6,0.5,0.2,0.5,0.4,0,0,0,0,0.2,0,0,0,0,3.2,11,0.64,0.3,0.5,0.6
1628413,Jonah Bolden,1610612756,PHX,24,0.7,1.2,0.571,0,0,0,0,0,0,0,0.2,0,0,0.2,0,0,0.3,0,1.4,7,0.364,0.3,0.6,0.5
202685,Jonas Valanciunas,1610612763,MEM,28,3.6,5,0.723,1.9,3.5,0.527,0.2,0.8,0.319,0,0.1,0.5,0,0.1,0.167,0.4,1.1,0.382,14.9,62,0.586,2,2.7,0.732
1628371,Jonathan Isaac,1610612753,ORL,22,2.5,4,0.628,0.5,1.3,0.4,0.7,1.9,0.355,0.3,0.6,0.444,0.1,0.2,0.429,0.6,2.1,0.288,12,32,0.463,1.8,2.3,0.767
1628395,Jordan Bell,1610612763,MEM,25,1,1.5,0.651,0.1,0.4,0.3,0,0.1,0,0,0.1,0,0.2,0.4,0.571,0,0.1,0,3.2,29,0.522,0.7,1.1,0.613
1629648,Jordan Bone,1610612765,DET,22,0.1,0.1,1,0.1,0.5,0.2,0.1,0.4,0.25,0,0.2,0,0,0,0,0.2,1,0.222,1.2,10,0.25,0,0,0
203903,Jordan Clarkson,1610612762,UTA,28,2,2.9,0.674,1.3,2.7,0.476,0.3,0.8,0.333,0.4,0.9,0.491,0.2,0.6,0.351,1.4,4.2,0.346,15.1,63,0.465,1.9,2.3,0.841
1629162,Jordan McLaughlin,1610612750,MIN,24,1.7,2.7,0.61,0.2,0.5,0.4,0.1,0.2,0.4,0.1,0.2,0.333,0.1,0.1,0.5,0.8,2.1,0.403,7.6,30,0.489,0.9,1.3,0.667
203895,Jordan McRae,1610612765,DET,29,1.4,2.4,0.573,0.6,1.7,0.339,0.9,2.4,0.36,0.3,0.6,0.526,0,0.2,0.2,0.9,2.8,0.34,11.5,37,0.407,2.2,2.9,0.761
1629673,Jordan Poole,1610612744,GSW,21,0.7,1.4,0.481,0.4,1,0.351,0.6,1.7,0.343,0.1,0.4,0.273,0.1,0.3,0.4,1.1,4,0.274,8.8,57,0.333,1.7,2.1,0.798
1627982,Josh Gray,1610612740,NOP,26,0.5,1,0.5,0,0,0,0,0,0,0,0,0,0,0,0,0,0,0,1,2,0.5,0,0,0
1628404,Josh Hart,1610612740,NOP,25,1.4,2.1,0.661,0.2,0.4,0.409,0,0.3,0.125,0.3,0.8,0.386,0.4,0.9,0.458,1.3,4.1,0.309,10.2,57,0.416,1.2,1.6,0.747
1628367,Josh Jackson,1610612763,MEM,23,1.9,2.7,0.694,0.4,1.4,0.32,0.2,0.5,0.333,0.2,1.1,0.158,0.3,0.4,0.833,0.8,2.6,0.326,10.4,18,0.439,1.6,2.4,0.659
203705,Josh Magette,1610612753,ORL,30,0.3,0.3,1,0.3,0.5,0.5,0,0.6,0,0,0,0,0,0,0,0.1,0.5,0.25,1.5,8,0.333,0.1,0.3,0.5
1629006,Josh Okogie,1610612750,MIN,21,1.8,2.9,0.617,0.3,1,0.288,0,0.1,0.2,0.1,0.3,0.4,0.1,0.5,0.286,0.4,1.7,0.236,8.6,62,0.427,2.5,3.1,0.796
1629729,Josh Reaves,1610612742,DAL,23,0,0,0,0,1,0,0,0,0,NA,NA,NA,0,0,0,0,0,0,0,2,0,0,0,0
1626196,Josh Richardson,1610612755,PHI,26,1.4,2.3,0.602,0.9,2.4,0.379,1.4,2.8,0.493,0.2,0.4,0.381,0,0.2,0.125,1.3,3.9,0.33,13.8,48,0.429,2.1,2.7,0.789
201950,Jrue Holiday,1610612740,NOP,30,3.9,6.6,0.597,1.3,3.2,0.388,0.4,1.3,0.304,0.2,0.5,0.379,0.2,0.4,0.429,1.7,4.9,0.352,19.6,55,0.452,2.2,3.1,0.7
1629308,Juan Toscano-Anderson,1610612744,GSW,27,1.5,2.5,0.625,0.1,0.4,0.2,0,0.2,0,0.3,0.3,0.75,0,0.3,0,0.4,1.2,0.333,5.3,13,0.46,0.2,0.4,0.6
1627823,Juancho Hernangomez,1610612750,MIN,24,1.1,2.1,0.546,0,0.4,0.118,0,0.1,0.25,0.1,0.2,0.5,0.1,0.5,0.273,0.7,2,0.347,6,48,0.405,0.9,1.5,0.62
203944,Julius Randle,1610612752,NYK,25,3.9,6.5,0.599,1.5,3.5,0.434,0.9,2.2,0.394,0.1,0.4,0.308,0.1,0.2,0.467,0.8,2.9,0.255,19.5,64,0.46,4,5.5,0.733
1626147,Justin Anderson,1610612751,BKN,26,0.3,1,0.333,0,0,0,0,0,0,0,0,0,0,1,0,0,0.7,0,1,3,0.167,0.3,0.7,0.5
203200,Justin Holiday,1610612754,IND,31,0.8,1.4,0.557,0.1,0.3,0.222,0.2,0.6,0.41,0.3,0.8,0.37,0.5,1,0.483,1.1,2.6,0.424,8.4,65,0.44,0.7,0.9,0.78
1628382,Justin Jackson,1610612742,DAL,25,0.7,1.2,0.594,0.6,1.1,0.508,0.1,0.5,0.214,0.1,0.3,0.235,0.1,0.4,0.25,0.6,2,0.316,5.7,58,0.399,0.6,0.8,0.818
1629713,Justin James,1610612758,SAC,23,0.5,0.9,0.542,0.2,0.5,0.462,0.2,0.6,0.333,0.2,0.5,0.333,0.1,0.2,0.667,0.2,0.6,0.313,2.5,34,0.423,0.3,0.6,0.476
1628383,Justin Patton,1610612760,OKC,23,0.2,0.6,0.333,0.4,0.4,1,0,0.2,0,0,0.3,0,0,0.3,0,0.2,0.4,0.5,1.8,5,0.4,0,0,0
1629620,Justin Robinson,1610612764,WAS,22,0,0,0,0.1,0.1,1,0.1,0.8,0.167,0,0,0,0,0,0,0.4,0.6,0.6,1.4,9,0.417,0,0,0
1629625,Justin Wright-Foreman,1610612762,UTA,22,NA,NA,NA,0,0,0,NA,NA,NA,NA,NA,NA,NA,NA,NA,0,0,0,0,1,0,0,0,0
1626159,Justise Winslow,1610612763,MEM,24,2.4,4.2,0.565,1.1,3.6,0.3,0.5,1.5,0.375,0,0.5,0,0.1,0.2,0.5,0.5,1.7,0.263,11.3,11,0.388,1.6,2.5,0.667
1629752,Juwan Morgan,1610612762,UTA,23,0.5,0.8,0.636,0.1,0.1,1,0,0,0,0,0.3,0,0,0.1,0,0.1,0.1,0.5,1.2,16,0.529,0,0,0
1629644,KZ Okpala,1610612748,MIA,21,0.8,0.8,1,0,0.3,0,0,0,0,0,0,0,0,0.3,0,0,0,0,1.4,5,0.6,0.2,0.4,0.5
1628443,Kadeem Allen,1610612752,NYK,27,0.4,0.9,0.5,0.7,1.3,0.5,0.4,0.8,0.5,0.1,0.3,0.5,0.1,0.4,0.333,0.3,1.1,0.273,5,10,0.432,0.7,1.1,0.636
1626157,Karl-Anthony Towns,1610612750,MIN,24,4.5,6.4,0.709,0.9,2.2,0.403,0.4,1.3,0.289,0.2,0.6,0.364,0.1,0.2,0.714,2.9,7.1,0.407,26.5,35,0.508,5.1,6.5,0.796
202695,Kawhi Leonard,1610612746,LAC,28,2.5,4,0.635,2.3,4.7,0.488,2.4,5.5,0.44,0.1,0.2,0.625,0.1,0.2,0.444,1.9,5.4,0.354,26.9,51,0.469,6.1,6.9,0.889
1628966,Keita Bates-Diop,1610612743,DEN,24,1.3,2,0.658,0.1,0.7,0.172,0,0.2,0.167,0.2,0.5,0.529,0.2,0.7,0.333,0.4,1.4,0.268,6.6,39,0.428,1.3,1.8,0.71
1629103,Kelan Martin,1610612750,MIN,24,0.8,1.2,0.694,0.5,1.1,0.441,0.2,0.5,0.4,0.2,0.7,0.333,0.2,0.8,0.3,0.4,1.8,0.211,6.4,31,0.392,1,1,0.968
1629640,Keldon Johnson,1610612759,SAS,20,1.3,1.9,0.667,0.3,1,0.333,0.1,0.3,0.5,0.2,0.6,0.333,0,0,0,0.1,0.2,0.5,4.6,9,0.516,0.8,1.1,0.7
203482,Kelly Olynyk,1610612748,MIA,29,0.8,1.3,0.667,0.2,0.5,0.375,0.2,0.4,0.36,0.1,0.2,0.385,0.1,0.3,0.333,1.2,2.6,0.451,7.7,59,0.476,1.2,1.4,0.854
1626162,Kelly Oubre Jr.,1610612756,PHX,24,3.1,5.4,0.571,1.1,2.5,0.429,0.6,1.4,0.421,0.2,0.6,0.265,0.4,1,0.368,1.4,3.8,0.363,18.7,56,0.452,3.4,4.4,0.78
202689,Kemba Walker,1610612738,BOS,30,2.2,4,0.558,0.5,1.8,0.267,1,2.1,0.476,0.1,0.3,0.308,0,0.1,0.286,3.2,8.3,0.384,21.2,50,0.421,3.9,4.5,0.867
1629134,Kendrick Nunn,1610612748,MIA,24,1.9,3.2,0.598,0.9,2,0.424,1.3,2.6,0.476,0.3,0.9,0.352,0.2,0.5,0.344,1.6,4.5,0.366,15.6,62,0.448,1.2,1.5,0.837
1629026,Kenrich Williams,1610612740,NOP,25,0.6,1,0.556,0.1,0.2,0.429,0,0.1,0.25,0.3,0.7,0.348,0.2,0.6,0.381,0.3,1.4,0.18,3.8,35,0.343,0.3,0.7,0.375
203145,Kent Bazemore,1610612758,SAC,30,1.1,2.5,0.459,0.3,0.8,0.367,0.3,0.9,0.283,0.2,0.8,0.286,0.3,0.9,0.309,0.7,1.8,0.39,8.7,64,0.374,1.7,2.2,0.768
203484,Kentavious Caldwell-Pope,1610612747,LAL,27,1.3,2,0.659,0.2,0.5,0.353,0.6,1.3,0.446,0.3,0.7,0.452,0.3,0.7,0.386,0.8,2.1,0.376,9.5,63,0.472,1.2,1.5,0.779
1628987,Kevin Hervey,1610612760,OKC,23,0.3,0.3,1,0,0.3,0,0,0.3,0,0,1,0,0,0,0,0,1,0,0.3,7,0.091,0,0,0
1628989,Kevin Huerter,1610612737,ATL,21,1,1.7,0.567,0.8,1.9,0.433,0.4,1.3,0.333,0.3,0.6,0.516,0.2,0.5,0.367,1.8,4.9,0.368,12.2,56,0.413,0.9,1.1,0.828
1628995,Kevin Knox II,1610612752,NYK,20,0.7,1.4,0.516,0.2,0.8,0.294,0.3,0.9,0.283,0.1,0.5,0.207,0.1,0.4,0.318,0.8,2.3,0.354,6.4,65,0.359,1,1.6,0.653
201567,Kevin Love,1610612739,CLE,31,1.2,2.1,0.585,0.6,1.2,0.493,1.4,2.7,0.52,0.4,0.8,0.465,0.1,0.3,0.471,2.1,5.9,0.358,17.6,56,0.45,3.3,3.9,0.854
1629645,Kevin Porter Jr.,1610612739,CLE,20,1.8,2.7,0.687,0.4,1.1,0.351,0.4,1.4,0.292,0.1,0.3,0.333,0.2,0.4,0.45,0.8,2.4,0.32,10,50,0.442,1.5,2,0.723
1626172,Kevon Looney,1610612744,GSW,24,1.2,1.9,0.649,0.1,0.8,0.133,0.1,0.7,0.154,0,0.1,0,0.1,0.3,0.2,0,0.4,0,3.4,20,0.367,0.5,0.6,0.75
203920,Khem Birch,1610612753,ORL,27,1.1,1.6,0.678,0.4,1.2,0.313,0,0.2,0.143,0,0,0,0,0,0,0,0,0,3.8,40,0.487,1,1.7,0.612
203114,Khris Middleton,1610612749,MIL,28,1.4,2.3,0.629,1.3,2.6,0.521,2.5,4.8,0.523,0.2,0.4,0.591,0.2,0.5,0.481,1.9,4.9,0.399,21.1,55,0.499,3.2,3.6,0.908
1629017,Khyri Thomas,1610612765,DET,24,0,0.1,0,0,0,0,0.1,0.5,0.25,0,0,0,0.2,0.6,0.333,0.4,1.3,0.333,2.1,8,0.294,0.3,0.5,0.5
1628961,Kostas Antetokounmpo,1610612747,LAL,22,0,0,0,0,0,0,0,0,0,0,0,0,NA,NA,NA,0,0,0,0,3,0,0,0,0
1627739,Kris Dunn,1610612741,CHI,26,1.9,2.9,0.646,0.5,1.3,0.397,0.1,0.4,0.167,0.1,0.3,0.235,0.1,0.3,0.308,0.4,1.6,0.259,7.3,51,0.444,0.8,1.1,0.741
204001,Kristaps Porzingis,1610612742,DAL,24,2.2,3.3,0.675,0.8,2.4,0.358,1.1,3.2,0.36,0,0.1,0.143,0.1,0.2,0.5,2.4,6.7,0.352,19.2,51,0.42,3.5,4.5,0.776
1629065,Ky Bowman,1610612744,GSW,23,1.1,1.8,0.613,0.5,1.4,0.344,0.7,1.6,0.425,0.2,0.4,0.588,0,0.2,0.2,0.5,1.8,0.266,7.4,45,0.417,0.8,0.9,0.829
203937,Kyle Anderson,1610612763,MEM,26,1,1.5,0.626,0.7,1.4,0.513,0.4,0.8,0.522,0.2,0.4,0.391,0,0.3,0.059,0.1,0.4,0.273,5.7,59,0.493,0.7,1.1,0.652
1629657,Kyle Guy,1610612758,SAC,22,0,0,0,0,0,0,0.5,0.5,1,NA,NA,NA,0,1,0,0,0,0,1,2,0.5,0,0,0
2594,Kyle Korver,1610612749,MIL,39,0.1,0.2,0.4,0.1,0.2,0.444,0.3,0.7,0.515,0.3,0.6,0.462,0.3,0.6,0.423,1.3,3.1,0.406,6.7,50,0.429,0.6,0.7,0.824
1628398,Kyle Kuzma,1610612747,LAL,24,1.9,2.6,0.723,1,2.4,0.406,0.6,1.5,0.361,0.2,0.5,0.385,0.3,0.5,0.615,0.8,3.4,0.242,12.5,54,0.432,1.8,2.4,0.738
200768,Kyle Lowry,1610612761,TOR,34,2,3.4,0.589,0.5,1.2,0.397,0.5,1.4,0.394,0.2,0.4,0.435,0,0.3,0.125,2.7,7.5,0.363,19.7,52,0.417,4.9,5.7,0.861
203124,Kyle O'Quinn,1610612755,PHI,30,0.7,1.2,0.633,0,0.1,0.333,0.3,0.6,0.5,0,0.1,0,0,0.2,0,0.3,0.7,0.389,3.3,26,0.486,0.4,0.7,0.526
202681,Kyrie Irving,1610612751,BKN,28,3.1,4.8,0.653,2.2,4.8,0.453,1.9,4.2,0.452,0.2,0.3,0.6,0.3,0.5,0.5,2.4,6.4,0.378,27.4,20,0.478,4.7,5.1,0.922
200746,LaMarcus Aldridge,1610612759,SAS,34,2.4,3.5,0.692,0.8,1.9,0.444,3,6.6,0.449,0.2,0.4,0.476,0,0.2,0.125,0.9,2.4,0.394,18.9,53,0.493,3,3.6,0.827
1629013,Landry Shamet,1610612746,LAC,23,0.6,1,0.644,0.2,0.5,0.348,0.1,0.3,0.25,0.3,0.8,0.368,0.4,0.8,0.472,1.6,4.1,0.383,9.7,47,0.416,1.2,1.3,0.905
204038,Langston Galloway,1610612765,DET,28,0.7,1.1,0.635,0.5,1.2,0.403,0.4,0.9,0.426,0.6,1,0.633,0.5,1.1,0.437,1,3,0.318,10.3,66,0.435,1.1,1.3,0.859
1626204,Larry Nance Jr.,1610612739,CLE,27,2.3,3.2,0.74,0.4,0.8,0.447,0.4,0.9,0.429,0.1,0.4,0.333,0.2,0.4,0.458,0.7,2,0.342,10.1,56,0.531,0.9,1.3,0.676
1628374,Lauri Markkanen,1610612741,CHI,23,2.2,3.5,0.636,0.5,1.5,0.312,0.1,0.4,0.286,0.2,0.5,0.462,0.2,0.5,0.409,1.8,5.4,0.328,14.7,50,0.425,2.5,3.1,0.824
2544,LeBron James,1610612747,LAL,35,5.8,8.4,0.689,0.7,1.9,0.372,1.1,3,0.359,0.1,0.2,0.5,0.1,0.2,0.308,2.1,6,0.35,25.7,60,0.498,4,5.7,0.697
1629022,Lonnie Walker IV,1610612759,SAS,21,1,1.9,0.556,0.3,0.9,0.277,0.4,1,0.38,0.1,0.3,0.308,0.1,0.2,0.556,0.4,0.9,0.417,5.6,53,0.434,0.7,1,0.717
1628366,Lonzo Ball,1610612740,NOP,22,1.6,2.6,0.605,0.2,0.8,0.234,0.4,1.3,0.292,0.3,0.8,0.357,0.3,0.8,0.395,1.9,4.9,0.385,12.4,56,0.412,0.7,1.2,0.567
101150,Lou Williams,1610612746,LAC,33,1.9,3.4,0.547,1,2.6,0.395,1.5,3.8,0.384,0.2,0.7,0.302,0.2,0.4,0.458,1.4,3.8,0.363,18.7,60,0.416,4.6,5.4,0.863
1629663,Louis King,1610612765,DET,21,0.2,0.4,0.5,0.1,0.3,0.333,0.1,0.4,0.333,0.3,0.5,0.667,0.1,0.1,1,0.1,0.7,0.143,2,10,0.381,0,0.3,0
1629652,Luguentz Dort,1610612760,OKC,21,1.3,2.2,0.603,0.2,0.7,0.263,0,0.1,0,0.2,0.5,0.417,0.2,0.8,0.261,0.4,1.3,0.297,6.2,29,0.414,1,1.2,0.778
1629029,Luka Doncic,1610612742,DAL,21,4.4,6,0.728,1.9,4.5,0.417,0.4,1,0.352,0.1,0.2,0.3,0,0,0,2.8,8.7,0.325,28.7,54,0.461,6.8,9.1,0.752
1629677,Luka Samanic,1610612759,SAS,20,0,1,0,0,1,0,0,0,0,0,0,0,NA,NA,NA,0,2,0,0,1,0,0,0,0
1628379,Luke Kennard,1610612765,DET,23,1.2,1.8,0.673,0.8,1.9,0.389,0.9,2.1,0.431,0.2,0.5,0.462,0.3,0.8,0.318,2.1,5.2,0.404,15.8,28,0.442,2.4,2.7,0.893
1628436,Luke Kornet,1610612741,CHI,24,1.2,1.6,0.724,0.2,0.4,0.467,0.1,0.2,0.333,0.1,0.5,0.133,0.1,0.4,0.2,0.8,2.3,0.325,6,36,0.439,0.6,0.8,0.714
1627763,Malcolm Brogdon,1610612754,IND,27,2.5,4.9,0.506,0.6,1.4,0.403,1.7,3.4,0.506,0,0.1,0,0.1,0.3,0.417,1.2,3.7,0.315,16.3,48,0.439,3,3.4,0.895
1626259,Malcolm Miller,1610612761,TOR,27,0,0.1,0.333,0.1,0.1,0.5,0,0,0,0.3,0.3,1,0.1,0.3,0.25,0.1,0.5,0.167,0.9,25,0.333,0,0.2,0.167
1627736,Malik Beasley,1610612750,MIN,23,1.3,2.1,0.59,0.4,1.3,0.284,0.6,1.2,0.448,0.3,0.6,0.455,0.2,0.5,0.4,1.5,3.9,0.378,11.2,55,0.425,1,1.2,0.818
1628370,Malik Monk,1610612766,CHA,22,1.9,3,0.63,0.8,1.6,0.467,0.1,0.5,0.276,0.1,0.4,0.273,0.1,0.3,0.2,0.9,2.9,0.302,10.3,55,0.434,1.5,1.8,0.82
1629005,Malik Newman,1610612739,CLE,23,0,0,0,0,0,0,0,1,0,0,0,0,0,0,0,0,1,0,2,1,0,2,2,1
201188,Marc Gasol,1610612761,TOR,35,0.7,1.2,0.571,0.6,1.2,0.455,0.1,0.6,0.174,0.1,0.1,0.6,0.1,0.2,0.429,1.3,3.2,0.391,7.6,36,0.419,0.7,1,0.722
201158,Marco Belinelli,1610612759,SAS,34,0.3,0.5,0.583,0.1,0.3,0.25,0.6,1.5,0.408,0.1,0.4,0.25,0.2,0.5,0.474,0.8,2.3,0.367,5.8,52,0.391,0.6,0.8,0.78
202694,Marcus Morris Sr.,1610612746,LAC,30,0.7,1.4,0.5,0.9,2.1,0.425,1.9,4.3,0.447,0.4,1.1,0.404,0.2,0.3,0.5,1.8,4.5,0.412,17.4,55,0.433,3.1,3.8,0.823
203935,Marcus Smart,1610612738,BOS,26,0.7,1.6,0.459,1.1,2.4,0.456,0.3,1,0.302,0.3,0.8,0.349,0.1,0.3,0.294,2,5.7,0.355,13.5,53,0.38,2,2.4,0.835
1629621,Marial Shayok,1610612755,PHI,24,0,0.5,0,0,0,0,0,0.5,0,0,1,0,0,1,0,0.5,0.5,1,1.5,2,0.2,0,0,0
1626209,Mario Hezonja,1610612757,POR,25,0.8,1.6,0.513,0.3,0.6,0.538,0.1,0.5,0.304,0,0.1,0.25,0.1,0.2,0.286,0.4,1.1,0.346,4.8,47,0.429,0.9,1.1,0.824
1628365,Markelle Fultz,1610612753,ORL,22,2.8,4.4,0.623,0.8,2.1,0.394,1,2.2,0.43,0,0.2,0.231,0,0.1,0.4,0.4,1.5,0.266,12.1,64,0.473,1.6,2.2,0.723
202693,Markieff Morris,1610612747,LAL,30,1.2,1.9,0.63,0.4,1.1,0.382,0.5,1.2,0.4,0.3,0.7,0.417,0.2,0.6,0.37,1.1,2.8,0.389,10.1,52,0.445,1.3,1.6,0.783
1629741,Marko Guduric,1610612763,MEM,25,0.6,1,0.605,0.1,0.4,0.267,0.2,0.4,0.4,0.1,0.3,0.5,0.2,0.5,0.357,0.4,1.4,0.271,4,42,0.396,0.5,0.6,0.92
1629716,Marques Bolden,1610612739,CLE,22,0,0,0,0,0,0,0,0,0,NA,NA,NA,NA,NA,NA,0,0,0,0,1,0,0,0,0
1627737,Marquese Chriss,1610612744,GSW,22,2.9,4.5,0.643,0.4,1.1,0.406,0.1,0.3,0.313,0,0.1,0.5,0,0,0,0.1,0.6,0.182,9.3,59,0.545,2,2.6,0.769
1628963,Marvin Bagley III,1610612758,SAC,21,3.9,6.1,0.646,1.1,3.5,0.311,0.7,1.6,0.429,0,0,0,0,0.1,0,0.3,1.6,0.19,14.2,13,0.467,1.9,2.4,0.806
101107,Marvin Williams,1610612749,MIL,34,0.6,0.8,0.8,0.4,0.9,0.458,0.1,0.3,0.235,0.3,0.7,0.412,0.2,0.4,0.5,0.5,1.7,0.315,6.1,52,0.442,0.9,1,0.87
203486,Mason Plumlee,1610612743,DEN,30,2.6,3.5,0.753,0.2,0.9,0.239,0,0.2,0.167,0,0,0,0,0,0,0,0,0,7.2,53,0.617,1.4,2.6,0.536
1629680,Matisse Thybulle,1610612755,PHI,23,0.7,1.2,0.586,0.1,0.2,0.333,0,0.2,0.1,0.2,0.5,0.48,0.2,0.4,0.409,0.5,1.6,0.309,4.7,57,0.41,0.4,0.7,0.61
1629760,Matt Mooney,1610612739,CLE,23,0,0,0,0,0,0,0.3,0.5,0.5,0,0,0,0,0.5,0,0,0.3,0,0.5,4,0.25,0,0,0
1629744,Matt Thomas,1610612761,TOR,25,0.1,0.2,0.429,0.1,0.2,0.571,0.4,0.7,0.565,0.3,0.5,0.615,0.2,0.4,0.5,0.7,1.6,0.412,4.5,33,0.486,0.2,0.3,0.7
203521,Matthew Dellavedova,1610612739,CLE,29,0.2,0.5,0.5,0.4,0.9,0.5,0.1,0.1,0.375,0.1,0.3,0.333,0,0.1,0.25,0.3,1.3,0.213,3.1,57,0.354,0.6,0.6,0.865
203090,Maurice Harkless,1610612752,NYK,27,1.6,2.6,0.626,0,0.2,0.167,0.1,0.2,0.455,0.2,0.6,0.394,0.1,0.4,0.318,0.2,0.7,0.31,5.8,62,0.502,0.6,1.1,0.591
1629622,Max Strus,1610612741,CHI,24,1,1,1,0,0,0,0,0,0,0,0,0,0,0,0,0,0.5,0,2.5,2,0.667,0.5,0.5,1
1628467,Maxi Kleber,1610612742,DAL,28,1.4,2.2,0.662,0.1,0.4,0.28,0.1,0.2,0.4,0.3,0.7,0.386,0.4,1.1,0.348,1,2.6,0.385,9.2,66,0.459,1,1.2,0.863
1628982,Melvin Frazier Jr.,1610612753,ORL,23,0.1,0.3,0.333,0,0.1,0,0.1,0.3,0.2,0.4,0.6,0.667,0,0,0,0.1,0.3,0.5,1.2,15,0.353,0.1,0.3,0.5
203086,Meyers Leonard,1610612748,MIA,28,1,1.3,0.79,0.3,0.7,0.438,0,0.2,0.2,0.1,0.2,0.333,0.1,0.2,0.5,0.9,2,0.434,6.1,49,0.52,0.3,0.5,0.654
1629662,Mfiondu Kabengele,1610612746,LAC,22,0.5,0.6,0.714,0,0.3,0,0,0.2,0,0.4,0.4,1,0,0.1,0,0.5,1.3,0.375,3.5,12,0.438,0.4,0.4,1
203487,Michael Carter-Williams,1610612753,ORL,28,1.4,2.5,0.567,0.5,1.3,0.382,0.1,0.4,0.333,0.1,0.3,0.385,0,0.2,0.143,0.3,1.1,0.292,7.2,42,0.434,1.7,2.1,0.828
1626187,Michael Frazier,1610612745,HOU,26,0.3,0.4,0.667,0,0,0,0,0,0,0,0,0,0.2,0.3,0.5,0.1,0.8,0.167,1.8,8,0.364,0.5,0.8,0.667
203077,Michael Kidd-Gilchrist,1610612742,DAL,26,0.3,0.7,0.467,0.3,0.9,0.368,0,0.3,0,0.1,0.1,0.5,0.1,0.3,0.4,0.1,0.6,0.154,2.5,21,0.317,0.4,0.5,0.818
1629008,Michael Porter Jr.,1610612743,DEN,21,1.5,2.3,0.64,0.2,0.7,0.344,0.3,0.9,0.4,0.2,0.4,0.625,0.1,0.2,0.333,0.6,1.6,0.392,7.5,48,0.495,0.7,0.9,0.767
1628969,Mikal Bridges,1610612756,PHX,23,1.9,2.7,0.724,0.2,0.7,0.364,0.2,0.5,0.4,0.2,0.4,0.429,0.3,0.8,0.396,0.4,1.3,0.305,8.7,65,0.516,1.4,1.6,0.848
201144,Mike Conley,1610612762,UTA,32,1.2,2,0.571,1.1,3.2,0.344,0.6,1.4,0.414,0.2,0.4,0.529,0.3,0.7,0.433,1.4,4,0.348,13.8,41,0.405,2.3,2.9,0.795
203488,Mike Muscala,1610612760,OKC,28,0.4,0.7,0.615,0,0.2,0.167,0.1,0.2,0.571,0.2,0.5,0.308,0.1,0.2,0.5,0.9,2.5,0.356,4.6,41,0.403,0.4,0.5,0.818
203118,Mike Scott,1610612755,PHI,31,0.6,1,0.556,0.2,0.4,0.5,0.1,0.4,0.333,0.2,0.4,0.381,0.1,0.5,0.226,0.9,2.4,0.387,5.7,63,0.408,0.4,0.5,0.833
1628970,Miles Bridges,1610612766,CHA,22,2.5,4.2,0.598,0.6,2.1,0.299,0.2,0.6,0.35,0.3,0.8,0.4,0.3,1,0.344,0.9,2.8,0.314,13,65,0.424,1.6,2,0.809
1629011,Mitchell Robinson,1610612752,NYK,22,4.1,5.4,0.756,0.1,0.2,0.364,0,0,0.5,0,0,0,0,0,0,0,0,0,9.7,61,0.742,1.4,2.4,0.568
1629671,Miye Oni,1610612762,UTA,22,0,0,0,0,0,0,0,0.3,0,0,0.5,0,0,0,0,0,0,0,0,5,0,0,0,0
1628964,Mo Bamba,1610612753,ORL,22,1.4,2.1,0.646,0.1,0.5,0.179,0.1,0.4,0.333,0,0.1,0.143,0,0.2,0.286,0.6,1.5,0.382,5.5,60,0.468,0.5,0.8,0.674
1628420,Monte Morris,1610612743,DEN,24,1.1,1.7,0.661,0.6,1.8,0.351,0.8,1.8,0.474,0.2,0.6,0.371,0.1,0.3,0.45,0.5,1.4,0.36,8.4,65,0.459,0.8,1,0.823
1626149,Montrezl Harrell,1610612746,LAC,26,6.2,9.2,0.678,1.2,2.9,0.4,0.1,0.5,0.138,0,0,0,0,0,0,0,0.2,0,18.6,63,0.58,3.7,5.6,0.658
1629021,Moritz Wagner,1610612764,WAS,23,2.7,3.6,0.752,0.2,0.6,0.304,0,0.1,0.2,0.1,0.1,0.75,0,0.2,0.167,0.5,1.5,0.333,9.5,37,0.575,1.8,2.2,0.817
1629650,Moses Brown,1610612757,POR,20,0.4,1.1,0.375,0.2,0.3,0.5,0,0,0,0,0,0,0,0,0,0,0,0,1.2,9,0.4,0.3,0.9,0.375
1628539,Mychal Mulder,1610612744,GSW,26,0.7,1.1,0.625,0.4,0.7,0.6,0.3,0.4,0.667,0.9,1.4,0.6,0.5,1,0.5,1,5,0.2,11,7,0.388,1.3,1.7,0.75
1626167,Myles Turner,1610612754,IND,24,1.6,2.3,0.667,0.6,1.2,0.53,0.6,1.7,0.376,0.1,0.3,0.278,0.1,0.3,0.389,1.2,3.5,0.339,11.8,55,0.451,2,2.6,0.75
1629642,Nassir Little,1610612757,POR,20,1,1.5,0.638,0.1,0.4,0.353,0,0.1,0.167,0.1,0.3,0.25,0,0.4,0.077,0.2,0.7,0.294,3.6,48,0.43,0.6,0.9,0.636
1628513,Naz Mitrou-Long,1610612754,IND,26,0.3,0.3,1,1,1.3,0.75,0,0,0,0,0,0,0.5,1,0.5,0.3,2.7,0.125,4.7,3,0.375,0,0,0
1629675,Naz Reid,1610612750,MIN,20,2,3.4,0.592,0.3,1.5,0.222,0,0.1,0,0.2,0.3,0.556,0.1,0.3,0.333,0.8,2.7,0.305,9,30,0.412,1.2,1.8,0.698
202357,Nemanja Bjelica,1610612758,SAC,32,1.7,2.9,0.575,0.7,1.4,0.506,0.2,0.5,0.294,0.2,0.4,0.52,0.2,0.4,0.565,1.5,3.9,0.401,11.9,64,0.475,0.9,1.1,0.822
203457,Nerlens Noel,1610612760,OKC,26,2.5,3,0.843,0.4,1,0.429,0.2,0.5,0.31,0,0,1,0,0,0,0,0,0,7.7,55,0.685,1.4,1.8,0.765
1629638,Nickeil Alexander-Walker,1610612740,NOP,21,0.6,1.5,0.393,0.2,0.8,0.273,0.1,0.4,0.25,0.1,0.3,0.3,0.2,0.4,0.417,0.8,2.4,0.348,5.1,41,0.339,0.4,0.7,0.607
201587,Nicolas Batum,1610612766,CHA,31,0.5,0.8,0.611,0.1,0.1,1,0,0.5,0.083,0.1,0.4,0.375,0.1,0.5,0.273,0.4,1.4,0.267,3.6,22,0.346,0.4,0.5,0.9
1629651,Nicolas Claxton,1610612751,BKN,21,1.4,1.9,0.724,0.3,0.7,0.4,0.1,0.1,0.5,0,0.2,0,0,0.2,0,0.1,0.2,0.333,4.4,15,0.563,0.7,1.4,0.524
1629740,Nicolo Melli,1610612740,NOP,29,0.7,0.9,0.723,0.3,0.6,0.448,0.2,0.4,0.5,0.1,0.5,0.261,0.2,0.5,0.391,1,2.5,0.379,6.8,52,0.442,0.8,1.2,0.733
1628430,Nigel Williams-Goss,1610612762,UTA,25,0,0.1,0,0,0.3,0,0.1,0.3,0.5,0,0,0,0,0,0,0,0.2,0,0.4,9,0.143,0.2,0.2,1
203999,Nikola Jokic,1610612743,DEN,25,3,4.3,0.694,2.4,4,0.605,1.4,3.2,0.447,0,0.1,0.6,0,0.1,0.4,1,3.3,0.307,20.2,65,0.528,3.4,4.1,0.813
202696,Nikola Vucevic,1610612753,ORL,29,3.2,5,0.644,2.1,4.6,0.466,1.1,2.7,0.396,0.1,0.1,0.6,0.1,0.1,0.75,1.4,4.4,0.317,19.5,54,0.47,2.1,2.7,0.781
203943,Noah Vonleh,1610612743,DEN,24,1.2,1.7,0.698,0.3,0.6,0.474,0,0.1,0.5,0,0.1,0,0,0,1,0.1,0.4,0.167,3.8,33,0.562,0.7,0.9,0.8
1626181,Norman Powell,1610612761,TOR,27,3,4.5,0.667,0.4,1,0.413,0.3,0.8,0.378,0.5,1.1,0.449,0.3,0.7,0.387,1.4,3.5,0.395,16.4,44,0.502,2.5,3,0.838
203658,Norvel Pelle,1610612755,PHI,27,0.9,1.6,0.567,0.1,0.3,0.2,0,0,0,0,0,0,0,0,0,0,0,0,2.1,20,0.514,0.3,0.6,0.5
1628384,OG Anunoby,1610612761,TOR,22,2.7,4.2,0.643,0.1,0.5,0.281,0.1,0.2,0.357,0.3,0.9,0.345,0.4,0.9,0.407,0.6,1.6,0.388,10.7,63,0.507,0.9,1.4,0.686
1629016,Omari Spellman,1610612750,MIN,22,1.1,2,0.542,0.2,0.7,0.364,0.4,1.2,0.357,0.2,0.3,0.571,0.1,0.2,0.5,0.7,1.8,0.356,7.6,49,0.431,1.5,1.9,0.793
1629052,Oshae Brissett,1610612761,TOR,22,0.5,0.8,0.625,0,0.2,0,0,0.1,0,0.1,0.3,0.25,0.1,0.4,0.2,0.1,0.3,0.167,1.9,19,0.361,0.4,0.5,0.8
203490,Otto Porter Jr.,1610612741,CHI,27,0.8,1.9,0.423,1.4,2.1,0.633,0.6,1.6,0.364,0.2,0.5,0.429,0.2,0.5,0.429,1.3,3.4,0.383,11.9,14,0.443,1.4,1.9,0.704
200782,P.J. Tucker,1610612745,HOU,35,0.7,1,0.627,0.3,0.5,0.516,0.1,0.3,0.474,0.7,1.5,0.436,0.6,1.7,0.368,0.2,0.9,0.263,7.1,64,0.433,0.6,0.7,0.841
1629023,P.J. Washington,1610612766,CHA,21,2.3,3.8,0.605,0.7,2.1,0.353,0.1,0.3,0.294,0.4,0.7,0.553,0.2,0.5,0.423,0.9,2.9,0.325,12.2,58,0.455,1.5,2.3,0.647
1628408,PJ Dozier,1610612743,DEN,23,0.7,1.2,0.591,0.3,1.1,0.3,0.5,1.1,0.476,0,0,0,0,0.2,0,0.4,1.2,0.318,4.1,21,0.396,0.3,0.5,0.636
1627783,Pascal Siakam,1610612761,TOR,26,4.3,6.7,0.649,1.3,3.5,0.374,0.8,2.6,0.321,0.2,0.8,0.317,0.3,0.7,0.41,1.6,4.5,0.358,23.6,53,0.459,4.2,5.2,0.8
1626192,Pat Connaughton,1610612749,MIL,27,1.2,1.7,0.692,0.1,0.2,0.231,0,0.1,0,0,0.1,0.25,0.1,0.2,0.417,0.6,2,0.314,5.1,61,0.456,0.4,0.6,0.75
201976,Patrick Beverley,1610612746,LAC,31,0.9,1.4,0.594,0.4,1,0.429,0,0.2,0.222,0.3,0.6,0.452,0.3,0.7,0.371,1,2.8,0.364,7.9,48,0.428,0.6,0.9,0.659
1627775,Patrick McCaw,1610612761,TOR,24,0.9,1.6,0.552,0.1,0.4,0.313,0.2,0.5,0.389,0.1,0.4,0.267,0.2,0.6,0.381,0.3,0.9,0.324,4.6,37,0.414,0.4,0.5,0.722
202335,Patrick Patterson,1610612746,LAC,31,0.2,0.4,0.545,0.1,0.3,0.462,0.1,0.2,0.273,0.3,0.6,0.5,0.3,0.8,0.333,0.6,1.7,0.381,4.6,51,0.404,0.5,0.7,0.794
201988,Patty Mills,1610612759,SAS,31,0.8,1.3,0.663,0.1,0.3,0.409,0.6,1.3,0.435,0.4,0.8,0.49,0.2,0.5,0.387,1.8,4.8,0.364,11.7,63,0.429,1.5,1.7,0.861
202331,Paul George,1610612746,LAC,30,1.7,2.7,0.617,0.8,2,0.41,1.3,3.4,0.371,0.4,0.7,0.571,0.4,0.7,0.552,2.4,6.5,0.369,21,42,0.432,3.9,4.5,0.882
200794,Paul Millsap,1610612743,DEN,35,2.2,3.4,0.633,0.6,1.8,0.342,0.4,1.1,0.367,0.1,0.3,0.455,0.2,0.5,0.429,0.8,1.8,0.442,12,44,0.486,2.4,2.9,0.833
1628778,Paul Watson,1610612761,TOR,25,0,0,0,0,0.6,0,0,0.2,0,0,0.3,0,0,0,0,0,0.8,0,0.2,5,0,0.2,0.4,0.5
1626188,Quinn Cook,1610612747,LAL,27,0.6,1,0.595,0.3,0.8,0.37,0.5,1.1,0.442,0.3,0.5,0.545,0.1,0.3,0.167,0.5,1.3,0.367,4.8,38,0.439,0.2,0.2,0.667
1629683,Quinndary Weatherspoon,1610612759,SAS,23,0,0,0,0,0.5,0,0,0.5,0,0,0,0,NA,NA,NA,0,0.5,0,0,3,0,0,0,0
1629628,RJ Barrett,1610612752,NYK,20,3.1,5.8,0.534,0.6,2.2,0.276,0.4,1.5,0.271,0.3,0.7,0.366,0.2,0.5,0.36,0.7,2.3,0.3,14.3,56,0.402,2.8,4.5,0.614
200765,Rajon Rondo,1610612747,LAL,34,1.4,2.6,0.561,0.3,0.9,0.311,0.3,0.7,0.371,0.1,0.3,0.25,0.1,0.3,0.429,0.7,2.1,0.323,7.1,48,0.418,0.6,0.9,0.659
203526,Raul Neto,1610612755,PHI,28,0.8,1.3,0.59,0.2,0.6,0.286,0.1,0.3,0.467,0.1,0.2,0.429,0,0.1,0.5,0.5,1.3,0.4,4.3,49,0.451,0.5,0.6,0.839
1629730,Rayjon Tucker,1610612762,UTA,22,0.4,0.5,0.833,0.1,0.4,0.333,0.1,0.1,1,0,0.2,0,0,0,0,0,0.4,0,1.4,14,0.421,0.2,0.4,0.6
203493,Reggie Bullock,1610612752,NYK,29,0.9,1.3,0.641,0.2,0.6,0.278,0.8,1.9,0.411,0.2,0.6,0.25,0.2,0.6,0.294,1,2.7,0.359,8.1,29,0.402,0.6,0.7,0.81
202704,Reggie Jackson,1610612746,LAC,30,1.4,2.4,0.571,1,2.7,0.361,0.3,1.2,0.296,0.2,0.4,0.625,0.1,0.4,0.3,1.6,4.1,0.389,12.8,23,0.416,1.5,1.9,0.814
1626158,Richaun Holmes,1610612758,SAC,26,3.8,5.2,0.733,1.3,2.5,0.536,0.3,0.6,0.455,0,0,0,0,0,0,0,0,0,12.8,39,0.654,2.1,2.6,0.8
201937,Ricky Rubio,1610612756,PHX,29,1.5,2.9,0.521,0.5,1.6,0.333,1.3,3,0.421,0.3,0.6,0.514,0.1,0.3,0.235,0.8,2.4,0.319,13.1,57,0.412,3.1,3.6,0.853
203496,Robert Covington,1610612745,HOU,29,1.6,2.6,0.63,0.3,0.7,0.512,0.1,0.3,0.429,0.1,0.4,0.308,0.2,0.5,0.433,2,5.9,0.349,12.8,62,0.432,1.4,1.7,0.796
1629057,Robert Williams III,1610612738,BOS,22,1.7,2.2,0.745,0.1,0.3,0.286,0.1,0.2,0.5,0,0,0,0,0,0,0,0,0,4.3,23,0.677,0.6,1.1,0.56
201577,Robin Lopez,1610612749,MIL,32,0.9,1.4,0.639,0.8,1.4,0.529,0.1,0.2,0.667,0.1,0.4,0.35,0.2,0.6,0.4,0.2,0.8,0.304,5.5,60,0.502,0.4,0.7,0.535
1629066,Rodions Kurucs,1610612751,BKN,22,0.9,1.4,0.63,0,0.3,0.083,0,0.1,0,0.1,0.3,0.444,0,0.2,0.2,0.5,1.3,0.392,4.2,39,0.448,0.4,0.7,0.607
203918,Rodney Hood,1610612757,POR,27,0.8,1,0.8,0.8,2,0.381,1,1.9,0.513,0.4,0.7,0.538,0.4,0.8,0.563,0.9,2,0.452,11,21,0.506,1,1.3,0.778
203585,Rodney McGruder,1610612746,LAC,28,0.4,0.7,0.576,0.4,0.8,0.487,0,0.1,0.2,0.1,0.4,0.222,0.1,0.6,0.2,0.3,0.7,0.361,3.2,50,0.391,0.3,0.6,0.536
1629641,Romeo Langford,1610612738,BOS,20,0.5,1,0.5,0.2,0.4,0.364,0.1,0.2,0.5,0.1,0.4,0.25,0.1,0.2,0.333,0.1,0.4,0.182,2.6,27,0.375,0.6,0.9,0.696
1626178,Rondae Hollis-Jefferson,1610612761,TOR,25,2.3,4.3,0.534,0.2,0.7,0.265,0.2,0.4,0.409,0,0,0,0,0.1,0,0,0.1,0.333,7.2,52,0.471,1.8,2.5,0.736
1626220,Royce O'Neale,1610612762,UTA,27,0.8,1.3,0.59,0.1,0.3,0.368,0,0.1,0.375,0.2,0.6,0.368,0.3,0.6,0.459,0.8,2.1,0.386,6.3,64,0.439,0.6,0.8,0.735
200752,Rudy Gay,1610612759,SAS,33,1.1,1.6,0.674,0.7,1.6,0.43,1,2.2,0.465,0.1,0.4,0.32,0.2,0.6,0.29,0.7,2.1,0.32,10,60,0.442,1.7,1.9,0.876
203497,Rudy Gobert,1610612762,UTA,27,5.4,7.3,0.746,0.3,0.8,0.308,0,0,0,0,0,0,0,0,0,0,0,0,15.1,62,0.698,3.7,5.9,0.621
1629060,Rui Hachimura,1610612764,WAS,22,3.1,4.8,0.662,0.7,2,0.333,1,2.6,0.389,0.1,0.3,0.273,0.1,0.3,0.333,0.3,1.1,0.283,13.4,41,0.478,2.2,2.7,0.829
201566,Russell Westbrook,1610612745,HOU,31,6.4,10.6,0.607,1.2,3.1,0.378,2.2,5.2,0.42,0.1,0.6,0.207,0.1,0.3,0.267,0.8,3,0.261,27.5,53,0.474,5.1,6.5,0.777
201583,Ryan Anderson,1610612745,HOU,32,0,0.5,0,0,0,0,0.5,0.5,1,0,0,0,0,0,0,0.5,2.5,0.2,2.5,2,0.286,0,0,0
1627853,Ryan Arcidiacono,1610612741,CHI,26,0.4,0.6,0.568,0.2,0.6,0.281,0.1,0.2,0.462,0.2,0.4,0.429,0.2,0.4,0.476,0.6,1.7,0.365,4.5,58,0.409,0.5,0.7,0.711
1629151,Ryan Broekhoff,1610612742,DAL,29,0.1,0.2,0.25,0.1,0.2,0.333,0,0.1,0,0.3,0.8,0.333,0.3,0.8,0.429,0.8,2.1,0.4,4.2,17,0.373,0.4,0.5,0.875
1629635,Sekou Doumbouya,1610612765,DET,19,1.4,2.5,0.552,0.2,0.8,0.258,0.1,0.3,0.273,0.2,0.7,0.227,0.2,0.5,0.4,0.5,1.6,0.279,6.4,38,0.39,0.8,1.2,0.674
1628400,Semi Ojeleye,1610612738,BOS,25,0.3,0.6,0.5,0.1,0.3,0.4,0.1,0.2,0.5,0.2,0.4,0.55,0.2,0.6,0.346,0.3,0.9,0.308,3.1,61,0.409,0.4,0.5,0.893
201586,Serge Ibaka,1610612761,TOR,30,2.6,3.5,0.729,1.5,3.2,0.463,1.1,2.4,0.449,0.1,0.2,0.333,0,0.2,0.2,1.2,2.9,0.415,16,50,0.518,1.8,2.4,0.748
203552,Seth Curry,1610612742,DAL,29,0.7,1,0.661,0.6,1.3,0.462,0.9,1.6,0.567,0.1,0.4,0.364,0.3,0.6,0.515,1.9,4.1,0.459,12.6,59,0.5,1.3,1.5,0.841
203894,Shabazz Napier,1610612764,WAS,28,1.3,2,0.673,0.2,0.9,0.227,0.4,0.9,0.457,0.1,0.4,0.176,0,0.1,0.143,1.3,3.9,0.338,10.3,51,0.412,2.3,2.8,0.823
1628983,Shai Gilgeous-Alexander,1610612760,OKC,21,3.1,5.3,0.574,1.7,4,0.442,1,2,0.477,0.1,0.3,0.333,0.1,0.2,0.545,1,3,0.342,19.3,63,0.473,4,5,0.801
1629003,Shake Milton,1610612755,PHI,23,1.4,2,0.683,0.4,1.1,0.364,0.2,0.5,0.333,0.2,0.6,0.4,0.2,0.4,0.444,1.2,2.6,0.463,9.5,32,0.498,1.2,1.6,0.765
1629044,Shamorie Ponds,1610612761,TOR,21,0.5,0.8,0.667,0,0,0,0,0,0,0,0,0,0,0,0,0.3,0.7,0.5,2.3,4,0.6,0.5,0.5,1
1627885,Shaquille Harrison,1610612741,CHI,26,1.2,2.2,0.538,0.3,0.7,0.37,0.1,0.2,0.5,0.1,0.4,0.364,0.1,0.2,0.333,0.2,0.5,0.409,4.9,43,0.467,0.9,1.2,0.78
1627746,Skal Labissiere,1610612737,ATL,24,1.2,1.9,0.625,0.6,1.2,0.512,0.5,0.9,0.586,0,0,0,0,0.1,0,0.1,0.3,0.273,5.8,33,0.551,0.8,1,0.758
203524,Solomon Hill,1610612748,MIA,29,0.4,0.8,0.465,0.2,0.5,0.414,0.2,0.4,0.45,0.2,0.5,0.4,0.2,0.4,0.476,0.7,2.1,0.355,5.4,54,0.403,0.6,0.8,0.714
203915,Spencer Dinwiddie,1610612751,BKN,27,3.5,5.8,0.601,0.9,2.7,0.316,0.4,1.2,0.299,0.1,0.3,0.353,0.2,0.7,0.279,1.6,5.2,0.314,20.6,64,0.415,5.4,7,0.778
1626169,Stanley Johnson,1610612761,TOR,24,0.3,0.6,0.455,0,0.2,0,0.1,0.2,0.25,0,0,0,0,0.4,0,0.1,0.4,0.286,1.2,20,0.258,0.3,0.3,0.833
1629742,Stanton Kidd,1610612762,UTA,28,0,0,0,0,0.5,0,0,0,0,0,0.5,0,NA,NA,NA,0,0,0,0,4,0,0,0,0
201939,Stephen Curry,1610612744,GSW,32,2.4,3.6,0.667,0.6,1,0.6,1.2,2,0.6,0.2,0.6,0.333,0.2,0.6,0.333,2,8.6,0.233,20.8,5,0.402,5.2,5.2,1
1628425,Sterling Brown,1610612749,MIL,25,0.7,1.4,0.516,0.2,0.5,0.318,0.1,0.5,0.25,0.3,0.7,0.44,0.1,0.4,0.357,0.4,1.6,0.27,5,45,0.367,0.6,0.8,0.771
203500,Steven Adams,1610612760,OKC,26,3.2,4.6,0.691,1.3,2.8,0.455,0.1,0.2,0.3,0,0,0,0,0,0,0,0,0,10.9,58,0.591,1.9,3.2,0.59
1629004,Svi Mykhailiuk,1610612765,DET,23,0.8,1.5,0.537,0.1,0.5,0.167,0,0.1,0.25,0.4,0.8,0.467,0.2,0.4,0.364,1.5,3.8,0.395,9,56,0.41,1,1.3,0.814
204456,T.J. McConnell,1610612754,IND,28,1.3,2.1,0.611,0.9,1.6,0.576,0.7,1.9,0.385,0,0,0,0,0.1,0.4,0,0.1,0.429,6.5,63,0.517,0.5,0.6,0.833
203933,T.J. Warren,1610612754,IND,26,3.2,4.3,0.731,1.6,3.1,0.513,1.7,3.8,0.435,0.5,1.1,0.462,0.2,0.4,0.375,0.5,1.6,0.316,18.7,61,0.529,2.5,3,0.812
1628388,TJ Leaf,1610612754,IND,23,0.8,1.5,0.553,0.1,0.6,0.214,0,0.1,0.333,0.1,0.2,0.333,0.1,0.1,1,0.1,0.4,0.3,2.9,25,0.435,0.3,0.5,0.583
1629605,Tacko Fall,1610612738,BOS,24,1.4,1.8,0.778,0.3,0.5,0.667,0,0,0,0,0,0,0,0,0,0,0,0,3.2,6,0.75,0.2,0.5,0.333
201959,Taj Gibson,1610612752,NYK,34,1.9,2.8,0.694,0.3,0.6,0.486,0.4,1,0.406,0,0.1,0.2,0,0.1,0.333,0,0.1,0.333,6.1,62,0.584,0.7,0.9,0.732
1629659,Talen Horton-Tucker,1610612747,LAL,19,0,0,0,0,0,0,0,0,0,0,0,0,0,0,0,0,0.5,0,0,2,0,0,0,0
1629745,Tariq Owens,1610612756,PHX,24,0.3,0.7,0.5,0,0,0,0,0.3,0,0,0,0,0,1,0,0,0.3,0,1.3,3,0.2,0.7,0.7,1
1627752,Taurean Prince,1610612751,BKN,26,1.3,2.5,0.513,0.5,1.3,0.361,0.4,1.1,0.333,0.3,1.2,0.26,0.4,1,0.4,1.6,4.5,0.347,12.1,64,0.376,1.1,1.4,0.798
1629611,Terance Mann,1610612746,LAC,23,0.5,0.7,0.7,0.2,0.6,0.313,0,0.2,0,0,0.2,0,0.1,0.3,0.4,0,0.1,0.333,1.6,35,0.407,0.3,0.3,0.75
1629056,Terence Davis,1610612761,TOR,23,1.3,2,0.662,0.1,0.4,0.24,0,0.2,0.067,0.2,0.5,0.367,0.3,0.4,0.64,1,2.6,0.37,7.7,64,0.463,0.7,0.8,0.865
1628390,Terrance Ferguson,1610612760,OKC,22,0.4,0.6,0.69,0,0.1,0,0.2,0.2,0.727,0.2,0.8,0.268,0.3,0.6,0.429,0.5,1.7,0.267,4.2,50,0.372,0.3,0.4,0.789
203082,Terrence Ross,1610612753,ORL,29,0.9,1.3,0.687,0.5,1.2,0.44,1,2.7,0.389,0.2,0.4,0.429,0.1,0.2,0.455,2.3,6.5,0.352,14.8,63,0.407,2.2,2.6,0.845
1626179,Terry Rozier,1610612766,CHA,26,2,3.9,0.514,0.9,2.7,0.353,0.7,1.7,0.389,0.4,0.9,0.426,0.2,0.5,0.424,2.1,5.3,0.402,18,63,0.423,2.6,3,0.874
200757,Thabo Sefolosha,1610612745,HOU,36,0.5,0.6,0.833,0,0.2,0.125,0,0.1,0.2,0.2,0.4,0.385,0.1,0.3,0.455,0.1,0.7,0.167,2.2,41,0.407,0.1,0.2,0.375
201152,Thaddeus Young,1610612741,CHI,32,2,3.5,0.573,0.8,1.9,0.411,0.1,0.4,0.321,0.5,1,0.433,0.1,0.5,0.214,0.7,2,0.352,10.3,64,0.448,0.7,1.1,0.583
203648,Thanasis Antetokounmpo,1610612749,MIL,27,1.1,1.6,0.654,0.1,0.2,0.667,0,0,0,0,0.2,0,0,0.3,0,0,0.2,0,2.5,18,0.528,0.4,0.8,0.467
1629033,Theo Pinson,1610612751,BKN,24,0.8,1.8,0.448,0.1,0.4,0.182,0.1,0.2,0.333,0,0.1,0,0,0.1,0.5,0.4,2.2,0.194,3.6,33,0.29,0.5,0.5,0.938
1628418,Thomas Bryant,1610612764,WAS,22,3.1,3.9,0.779,0.3,0.8,0.406,0.9,1.9,0.458,0,0.1,0.5,0,0.1,0.25,0.5,1.3,0.417,12.1,38,0.599,1.8,2.5,0.737
1627748,Thon Maker,1610612765,DET,23,0.8,1.3,0.667,0.2,0.6,0.382,0.1,0.4,0.4,0.1,0.3,0.333,0.1,0.3,0.333,0.2,0.6,0.364,4.7,60,0.482,1.2,1.8,0.664
204025,Tim Frazier,1610612765,DET,29,0.4,0.8,0.524,0.2,0.6,0.25,0.3,1,0.333,0,0.1,0,0.2,0.2,1,0.3,1,0.28,3.6,27,0.362,0.7,0.9,0.792
203501,Tim Hardaway Jr.,1610612742,DAL,28,1.1,1.9,0.592,0.5,1.5,0.37,0.9,2,0.452,0.3,0.8,0.413,0.6,1.1,0.522,2.1,5.4,0.383,15.8,63,0.437,1.9,2.4,0.801
1627789,Timothe Luwawu-Cabarrot,1610612751,BKN,25,0.9,1.7,0.507,0.1,0.2,0.333,0.1,0.2,0.333,0.2,0.6,0.381,0.4,0.9,0.414,0.5,1.5,0.322,6.3,39,0.406,1.3,1.6,0.839
202699,Tobias Harris,1610612755,PHI,27,2.7,4.2,0.633,2,3.8,0.533,1.1,3.1,0.356,0.2,0.5,0.484,0.2,0.5,0.406,1.4,4,0.342,19.4,65,0.472,2.4,2.9,0.806
203107,Tomas Satoransky,1610612741,CHI,28,1.6,2.8,0.565,0.8,1.9,0.435,0.2,0.7,0.341,0.2,0.5,0.4,0.1,0.4,0.36,0.6,2.1,0.295,9.9,65,0.43,1.6,1.9,0.876
1628396,Tony Bradley,1610612762,UTA,22,1.8,2.5,0.714,0.2,0.6,0.444,0,0,0,0,0,0,0,0,0,0,0,1,4.7,50,0.665,0.5,0.8,0.65
203503,Tony Snell,1610612765,DET,28,0.6,0.8,0.68,0.3,0.8,0.435,0.2,0.6,0.424,0.3,0.7,0.442,0.4,1,0.418,1,2.6,0.39,8,59,0.445,0.5,0.5,1
1628470,Torrey Craig,1610612743,DEN,29,1.1,1.5,0.74,0.1,0.3,0.188,0.1,0.2,0.3,0.2,0.6,0.346,0.1,0.4,0.222,0.5,1.3,0.365,5,50,0.462,0.4,0.6,0.645
1629027,Trae Young,1610612737,ATL,21,2.6,4.4,0.585,2.3,5.1,0.45,0.8,1.8,0.44,0.1,0.1,0.667,0.2,0.3,0.6,3.2,9.1,0.351,29.6,60,0.437,8,9.3,0.86
1629682,Tremont Waters,1610612738,BOS,22,0.7,1.1,0.6,0.1,0.4,0.25,0.2,0.4,0.5,0,0,0,0,0.5,0,0.3,1.5,0.2,3.3,10,0.343,0.6,0.6,1
1626203,Treveon Graham,1610612737,ATL,26,0.6,1.4,0.461,0.3,0.7,0.415,0,0.1,0.333,0.1,0.4,0.15,0.1,0.3,0.333,0.5,1.5,0.301,4.4,55,0.36,0.7,1,0.643
2772,Trevor Ariza,1610612757,POR,34,1.2,1.8,0.629,0.1,0.3,0.286,0,0.1,0,0.3,0.8,0.366,0.3,0.8,0.405,0.8,2.3,0.366,8,53,0.438,1.2,1.4,0.838
203504,Trey Burke,1610612755,PHI,27,0.9,1.5,0.595,0.3,0.6,0.4,0.6,1.5,0.405,0.1,0.1,1,0.2,0.2,0.75,0.5,1.3,0.375,5.9,25,0.465,0.5,0.7,0.722
1626168,Trey Lyles,1610612759,SAS,24,0.9,1.5,0.621,0.2,0.6,0.375,0.2,0.6,0.35,0.2,0.4,0.417,0.2,0.5,0.5,0.7,1.9,0.356,6.4,63,0.446,0.5,0.7,0.733
202684,Tristan Thompson,1610612739,CLE,29,3.3,5.5,0.601,1.4,3.5,0.416,0.2,0.5,0.31,0,0,0,0,0,0.5,0.1,0.4,0.4,12,57,0.512,1.7,2.8,0.615
1628972,Troy Brown Jr.,1610612764,WAS,20,1.8,2.7,0.665,0.5,1.4,0.322,0.7,1.8,0.382,0.2,0.4,0.583,0.1,0.3,0.438,0.5,1.6,0.283,9.7,61,0.453,1.4,1.9,0.754
203584,Troy Daniels,1610612743,DEN,28,0.2,0.3,0.571,0.2,0.3,0.636,0.2,0.5,0.333,0.2,0.5,0.438,0.2,0.6,0.375,0.7,2,0.333,4.1,42,0.39,0.2,0.4,0.625
1629660,Ty Jerome,1610612756,PHX,22,0.3,0.8,0.429,0.5,1,0.444,0.1,0.4,0.273,0.1,0.3,0.25,0,0.1,0.5,0.4,1.3,0.278,3.5,28,0.349,0.4,0.5,0.786
1629076,Tyler Cook,1610612739,CLE,22,0.5,0.8,0.625,0.1,0.1,1,0.1,0.1,1,0,0,0,0,0,0,0,0,0,1.7,11,0.7,0.5,0.5,0.833
1629639,Tyler Herro,1610612748,MIA,20,0.8,1.7,0.488,0.6,1.2,0.518,1.1,3,0.371,0.2,0.4,0.438,0.3,0.6,0.462,1.7,4.4,0.383,12.9,47,0.414,1.4,1.7,0.835
204020,Tyler Johnson,1610612756,PHX,28,0.5,1,0.548,0.2,0.5,0.412,0.5,1.3,0.425,0.1,0.3,0.375,0.1,0.3,0.571,0.5,2.2,0.254,5.7,31,0.38,0.8,1,0.75
1627820,Tyrone Wallace,1610612737,ATL,26,0.8,1.4,0.579,0.2,0.7,0.222,0,0.1,0,0,0.2,0,0,0.2,0,0.1,0.7,0.1,2.9,14,0.318,0.8,1.2,0.647
2199,Tyson Chandler,1610612745,HOU,37,0.6,0.7,0.778,0,0,0,0,0,0,0,0,0,0,0,0,0,0,0,1.3,26,0.778,0.2,0.5,0.462
1626145,Tyus Jones,1610612763,MEM,24,0.8,1.3,0.605,1,2.2,0.469,0.5,1.2,0.408,0.1,0.2,0.5,0.1,0.2,0.455,0.6,1.6,0.356,7.4,65,0.459,0.7,0.9,0.741
2617,Udonis Haslem,1610612748,MIA,40,0,0.7,0,0.3,0.7,0.5,0,0,0,0,0,0,0,0,0,0,0.7,0,1.7,3,0.167,1,1.3,0.75
1629724,Vic Law,1610612753,ORL,24,0,0,0,0,0,0,0,0.4,0,0,1,0,0,0,0,0,0,0,0,5,0,0,0.4,0
203506,Victor Oladipo,1610612754,IND,28,1.5,3.4,0.432,0.6,1.2,0.533,1.2,2.5,0.455,0.1,0.4,0.2,0,0.2,0,1.5,4.8,0.323,13.8,13,0.391,2.5,3.2,0.78
1713,Vince Carter,1610612737,ATL,43,0.2,0.4,0.44,0.3,0.6,0.515,0.3,0.7,0.409,0.1,0.4,0.4,0.1,0.4,0.238,0.8,2.7,0.298,5,60,0.352,0.4,0.5,0.793
1629738,Vincent Poirier,1610612738,BOS,26,0.5,0.9,0.588,0.1,0.3,0.4,0.2,0.5,0.333,0,0,0,0,0,0,0.1,0.1,0.5,1.9,21,0.485,0.3,0.3,0.857
1628427,Vlatko Cancar,1610612743,DEN,23,0.5,0.6,0.714,0,0.1,0,0,0.1,0,0,0.2,0,0,0,0,0.1,0.4,0.2,1.2,14,0.4,0.3,0.3,1
201961,Wayne Ellington,1610612752,NYK,32,0.2,0.3,0.6,0,0.1,0,0.2,0.6,0.286,0.1,0.2,0.5,0.2,0.4,0.583,1.1,3.6,0.317,5.1,36,0.351,0.3,0.4,0.846
1628976,Wendell Carter Jr.,1610612741,CHI,21,3.2,4.9,0.656,0.6,1.6,0.343,0.4,0.8,0.457,0,0.3,0.091,0,0,1,0.1,0.4,0.235,11.3,43,0.534,2.6,3.5,0.737
1629117,Wenyen Gabriel,1610612757,POR,23,0.5,0.7,0.684,0,0.2,0,0,0,1,0.2,0.3,0.6,0.1,0.3,0.333,0.1,0.4,0.167,2.1,28,0.435,0.5,0.7,0.7
1628411,Wes Iwundu,1610612753,ORL,25,0.7,1.2,0.569,0.3,0.7,0.394,0.3,1,0.326,0.1,0.3,0.385,0.1,0.3,0.222,0.3,1,0.311,5.3,45,0.397,1.4,1.7,0.816
202083,Wesley Matthews,1610612749,MIL,33,0.6,1,0.629,0.2,0.6,0.297,0.1,0.4,0.32,0.3,0.7,0.386,0.3,0.6,0.441,1.1,3.2,0.347,7.5,62,0.397,0.8,1,0.762
203115,Will Barton,1610612743,DEN,29,2.4,4.2,0.589,0.8,2.4,0.328,0.7,1.3,0.514,0.2,0.4,0.542,0.1,0.3,0.467,1.5,4.3,0.352,15.1,58,0.45,1.8,2.3,0.767
1629739,William Howard,1610612745,HOU,26,0,0,0,0,0,0,0,0,0,0,0,0,0,1,0,0,1.5,0,0,2,0,0,0,0
1626161,Willie Cauley-Stein,1610612742,DAL,26,2.6,3.4,0.746,0.5,1.4,0.361,0.2,0.8,0.25,0,0,0,0,0,0,0,0,0,7.2,54,0.579,0.7,1.2,0.606
1626195,Willy Hernangomez,1610612766,CHA,26,1.7,2.5,0.684,0.5,1.1,0.429,0.1,0.2,0.333,0,0.1,0.5,0,0,0,0.1,0.6,0.211,6.1,31,0.532,1.2,1.9,0.627
201163,Wilson Chandler,1610612751,BKN,33,0.4,0.6,0.682,0.5,0.9,0.516,0.2,0.3,0.667,0.1,0.3,0.455,0.2,0.6,0.333,0.7,2.5,0.281,5.9,35,0.404,0.6,0.7,0.87
1627812,Yogi Ferrell,1610612758,SAC,27,0.3,0.6,0.444,0.2,0.5,0.391,0.6,1.2,0.54,0.1,0.2,0.8,0.1,0.3,0.333,0.3,1.3,0.218,4.2,44,0.396,0.7,0.8,0.865
1629139,Yuta Watanabe,1610612763,MEM,25,0.5,0.8,0.636,0.1,0.5,0.143,0.1,0.2,0.333,0.1,0.1,1,0,0.1,0,0.1,0.4,0.333,1.9,16,0.414,0.2,0.5,0.375
1628380,Zach Collins,1610612757,POR,22,1.7,2.3,0.714,0,0.7,0,0.3,1,0.333,0,0.3,0,0,0,0,1,2,0.5,9,3,0.474,2,2,1
203897,Zach LaVine,1610612741,CHI,25,4.8,8.1,0.597,0.2,1.3,0.177,0.9,2.5,0.344,0.5,0.9,0.509,0.2,0.5,0.438,2.4,6.6,0.359,25.5,60,0.45,4.5,5.6,0.802
1629668,Zach Norvell Jr.,1610612744,GSW,22,0,0,0,0,0.2,0,0,0.6,0,0,0.2,0,0,0,0,0.6,1.4,0.429,2,5,0.25,0.2,0.2,1
1629015,Zhaire Smith,1610612755,PHI,21,0.5,1,0.5,0,0.2,0,0,0.2,0,0,0.3,0,0,0,0,0,0.3,0,1.1,7,0.273,0.3,0.6,0.5
1629627,Zion Williamson,1610612740,NOP,19,8.3,13.1,0.631,0.4,1.1,0.35,0.1,0.5,0.2,0,0.1,0,0,0,0,0.3,0.6,0.5,23.6,19,0.589,5.2,8,0.645
1629597,Zylan Cheatham,1610612740,NOP,24,0.7,0.7,1,0,0.7,0,0,0,0,0,0,0,0,0,0,0,0.3,0,1.3,3,0.4,0,0,0
