player_id,player_name,team_id,team_abbreviation,age,fgm_restricted_area,fga_restricted_area,fg_pct_restricted_area,fgm_in_the_paint_(non-ra),fga_in_the_paint_(non-ra),fg_pct_in_the_paint_(non-ra),fgm_mid-range,fga_mid-range,fg_pct_mid-range,fgm_left_corner_3,fga_left_corner_3,fg_pct_left_corner_3,fgm_right_corner_3,fga_right_corner_3,fg_pct_right_corner_3,fgm_above_the_break_3,fga_above_the_break_3,fg_pct_above_the_break_3,fgm_backcourt,fga_backcourt,fg_pct_backcourt,pts,gp,fgm,fga,fg_pct,fg3m,fg3a,fg3_pct,ftm,fta,ft_pct
203932,Aaron Gordon,1610612753,ORL,24,173,258,0.671,41,116,0.353,32,126,0.254,10,27,0.37,5,18,0.278,53,175,0.303,0,6,0,833,58,314,726,0.433,68,226,0.301,137,203,0.675
1628988,Aaron Holiday,1610612754,IND,23,68,127,0.535,27,83,0.325,27,83,0.325,5,14,0.357,10,19,0.526,65,169,0.385,0,1,0,546,58,202,496,0.407,80,203,0.394,62,72,0.861
1627846,Abdel Nader,1610612760,OKC,26,47,70,0.671,10,32,0.313,4,13,0.308,7,20,0.35,7,14,0.5,25,71,0.352,0,0,0,287,48,100,220,0.455,39,105,0.371,48,62,0.774
1629690,Adam Mokoka,1610612741,CHI,21,6,12,0.5,0,0,0,0,1,0,1,4,0.25,2,4,0.5,3,7,0.429,0,0,0,32,11,12,28,0.429,6,15,0.4,2,4,0.5
1629678,Admiral Schofield,1610612764,WAS,23,9,17,0.529,3,6,0.5,4,5,0.8,3,6,0.5,3,9,0.333,8,31,0.258,0,1,0,83,27,30,75,0.4,14,47,0.298,9,13,0.692
201143,Al Horford,1610612755,PHI,34,97,138,0.703,36,102,0.353,67,150,0.447,4,14,0.286,5,19,0.263,80,231,0.346,0,0,0,722,60,289,654,0.442,89,264,0.337,55,73,0.753
202329,Al-Farouq Aminu,1610612753,ORL,29,10,28,0.357,4,16,0.25,2,6,0.333,2,4,0.5,1,6,0.167,6,26,0.231,0,0,0,78,18,25,86,0.291,9,36,0.25,19,29,0.655
202692,Alec Burks,1610612755,PHI,28,89,173,0.514,41,122,0.336,53,133,0.398,14,29,0.483,8,21,0.381,78,222,0.351,0,1,0,891,59,283,701,0.404,100,273,0.366,225,251,0.896
1629346,Alen Smailagic,1610612744,GSW,19,14,16,0.875,2,7,0.286,1,4,0.25,1,2,0.5,0,3,0,2,8,0.25,0,0,0,59,14,20,40,0.5,3,13,0.231,16,19,0.842
1627936,Alex Caruso,1610612747,LAL,26,63,95,0.663,3,31,0.097,6,28,0.214,5,16,0.313,7,19,0.368,26,71,0.366,0,0,0,316,58,110,260,0.423,38,107,0.355,58,76,0.763
203458,Alex Len,1610612758,SAC,27,122,179,0.682,31,61,0.508,1,7,0.143,5,9,0.556,4,17,0.235,5,29,0.172,0,0,0,408,49,168,302,0.556,14,56,0.25,58,91,0.637
1628035,Alfonzo McKinnie,1610612739,CLE,27,44,67,0.657,10,24,0.417,5,16,0.313,3,14,0.214,5,16,0.313,6,34,0.176,0,0,0,182,40,73,171,0.427,14,65,0.215,22,31,0.71
1628993,Alize Johnson,1610612754,IND,24,6,10,0.6,1,4,0.25,0,1,0,0,0,0,0,0,0,0,0,0,0,0,0,18,13,7,15,0.467,0,0,0,4,6,0.667
203459,Allen Crabbe,1610612750,MIN,28,12,16,0.75,6,21,0.286,9,22,0.409,5,15,0.333,8,17,0.471,23,84,0.274,0,2,0,172,37,63,177,0.356,36,119,0.303,10,14,0.714
1629019,Allonzo Trier,1610612752,NYK,24,15,24,0.625,2,7,0.286,15,22,0.682,0,3,0,3,4,0.75,16,46,0.348,0,0,0,155,24,51,106,0.481,19,53,0.358,34,43,0.791
1628518,Amile Jefferson,1610612753,ORL,27,2,7,0.286,3,6,0.5,0,1,0,0,0,0,0,0,0,0,0,0,0,0,0,15,18,5,14,0.357,0,0,0,5,14,0.357
1629599,Amir Coffey,1610612746,LAC,23,5,11,0.455,4,8,0.5,3,7,0.429,0,1,0,0,1,0,1,5,0.2,0,0,0,28,13,13,33,0.394,1,7,0.143,1,3,0.333
203083,Andre Drummond,1610612739,CLE,26,339,532,0.637,69,199,0.347,5,18,0.278,1,4,0.25,2,5,0.4,2,24,0.083,0,2,0,1010,57,418,784,0.533,5,35,0.143,169,294,0.575
2738,Andre Iguodala,1610612748,MIA,36,12,16,0.75,0,2,0,4,9,0.444,0,2,0,4,9,0.444,5,12,0.417,0,1,0,61,14,25,51,0.49,9,24,0.375,2,8,0.25
203952,Andrew Wiggins,1610612744,GSW,25,201,298,0.674,79,210,0.376,46,136,0.338,13,30,0.433,3,17,0.176,95,287,0.331,0,0,0,1175,54,437,978,0.447,111,334,0.332,190,268,0.709
1629014,Anfernee Simons,1610612757,POR,21,68,124,0.548,24,78,0.308,45,105,0.429,10,23,0.435,4,17,0.235,60,176,0.341,0,2,0,572,65,211,525,0.402,74,219,0.338,76,92,0.826
1627790,Ante Zizic,1610612739,CLE,23,28,46,0.609,9,19,0.474,4,7,0.571,0,0,0,0,0,0,0,0,0,0,0,0,96,22,41,72,0.569,0,0,0,14,19,0.737
203076,Anthony Davis,1610612747,LAL,27,280,384,0.729,78,189,0.413,85,227,0.374,15,27,0.556,2,12,0.167,48,152,0.316,0,3,0,1467,55,508,994,0.511,65,194,0.335,386,457,0.845
201229,Anthony Tolliver,1610612763,MEM,35,9,23,0.391,3,6,0.5,3,5,0.6,5,12,0.417,9,22,0.409,25,87,0.287,0,0,0,165,47,54,155,0.348,39,121,0.322,18,25,0.72
1628499,Antonius Cleveland,1610612742,DAL,26,2,3,0.667,0,1,0,0,1,0,0,0,0,0,0,0,0,1,0,0,0,0,5,6,2,6,0.333,0,1,0,1,2,0.5
1628394,Anzejs Pasecniks,1610612764,WAS,24,38,53,0.717,17,39,0.436,1,12,0.083,0,0,0,0,0,0,0,2,0,0,0,0,144,24,56,106,0.528,0,2,0,32,54,0.593
203382,Aron Baynes,1610612756,PHX,33,87,137,0.635,32,59,0.542,5,17,0.294,2,13,0.154,4,11,0.364,53,144,0.368,0,0,0,481,42,183,381,0.48,59,168,0.351,56,75,0.747
203085,Austin Rivers,1610612745,HOU,27,76,137,0.555,20,56,0.357,3,7,0.429,18,28,0.643,8,29,0.276,57,175,0.326,0,0,0,507,60,182,432,0.421,83,232,0.358,60,90,0.667
202340,Avery Bradley,1610612747,LAL,29,47,76,0.618,16,34,0.471,44,100,0.44,21,47,0.447,9,36,0.25,33,89,0.371,0,1,0,423,49,170,383,0.444,63,173,0.364,20,24,0.833
1629168,BJ Johnson,1610612753,ORL,24,3,4,0.75,0,1,0,1,7,0.143,0,2,0,1,1,1,0,3,0,0,0,0,13,8,5,18,0.278,1,6,0.167,2,2,1
1628389,Bam Adebayo,1610612748,MIA,22,284,395,0.719,104,230,0.452,19,81,0.235,0,4,0,1,4,0.25,0,4,0,0,1,0,1053,65,408,719,0.567,1,13,0.077,236,342,0.69
203463,Ben McLemore,1610612745,HOU,27,53,72,0.736,2,8,0.25,0,0,0,21,56,0.375,33,68,0.485,100,265,0.377,0,1,0,619,63,209,470,0.445,154,390,0.395,47,62,0.758
1627732,Ben Simmons,1610612755,PHI,23,301,441,0.683,54,155,0.348,4,15,0.267,1,1,1,1,1,1,0,2,0,0,2,0,902,54,361,617,0.585,2,6,0.333,178,284,0.627
202687,Bismack Biyombo,1610612766,CHA,27,128,187,0.684,21,80,0.263,2,11,0.182,0,0,0,0,0,0,0,0,0,0,0,0,393,53,151,278,0.543,0,0,0,91,151,0.603
201933,Blake Griffin,1610612765,DET,31,50,91,0.549,8,32,0.25,3,15,0.2,3,15,0.2,1,10,0.1,23,87,0.264,0,0,0,279,18,88,250,0.352,27,111,0.243,76,98,0.776
1626246,Boban Marjanovic,1610612742,DAL,31,63,84,0.75,20,47,0.426,9,27,0.333,0,0,0,1,1,1,3,14,0.214,0,0,0,232,37,96,173,0.555,4,15,0.267,36,47,0.766
1626171,Bobby Portis,1610612752,NYK,25,90,150,0.6,58,121,0.479,51,132,0.386,12,23,0.522,4,16,0.25,50,147,0.34,0,0,0,668,66,265,589,0.45,67,187,0.358,71,93,0.763
203992,Bogdan Bogdanovic,1610612758,SAC,27,56,93,0.602,40,79,0.506,44,87,0.506,13,37,0.351,12,37,0.324,112,306,0.366,0,0,0,767,53,277,639,0.433,137,380,0.361,76,105,0.724
202711,Bojan Bogdanovic,1610612762,UTA,31,141,232,0.608,69,178,0.388,19,68,0.279,29,58,0.5,40,94,0.426,120,305,0.393,0,0,0,1275,63,418,935,0.447,189,457,0.414,250,277,0.903
202954,Brad Wanamaker,1610612738,BOS,30,69,114,0.605,20,70,0.286,14,44,0.318,1,2,0.5,1,2,0.5,31,86,0.36,0,0,0,413,63,136,318,0.428,33,90,0.367,108,116,0.931
203078,Bradley Beal,1610612764,WAS,26,236,363,0.65,75,188,0.399,112,271,0.413,14,38,0.368,5,23,0.217,151,419,0.36,0,1,0,1741,57,593,1303,0.455,170,481,0.353,385,457,0.842
1629634,Brandon Clarke,1610612763,MEM,23,160,215,0.744,67,118,0.568,6,24,0.25,4,9,0.444,4,12,0.333,13,30,0.433,0,0,0,602,50,254,408,0.623,21,52,0.404,73,93,0.785
1629164,Brandon Goodwin,1610612737,ATL,24,27,47,0.574,16,38,0.421,7,18,0.389,2,7,0.286,0,10,0,24,68,0.353,0,2,0,206,34,76,190,0.4,26,87,0.299,28,30,0.933
1627742,Brandon Ingram,1610612740,NOP,22,186,291,0.639,59,157,0.376,88,206,0.427,23,53,0.434,18,44,0.409,95,253,0.375,0,2,0,1358,56,469,1006,0.466,137,354,0.387,283,330,0.858
202688,Brandon Knight,1610612765,DET,28,4,12,0.333,8,18,0.444,2,6,0.333,3,9,0.333,2,6,0.333,40,116,0.345,0,0,0,183,25,59,167,0.353,45,131,0.344,20,34,0.588
1628968,Brian Bowen II,1610612754,IND,21,1,4,0.25,1,1,1,0,2,0,0,0,0,0,2,0,0,0,0,0,0,0,4,5,2,9,0.222,0,2,0,0,0,0
201572,Brook Lopez,1610612749,MIL,32,94,142,0.662,46,112,0.411,20,33,0.606,11,30,0.367,7,24,0.292,66,230,0.287,0,0,0,670,61,244,571,0.427,84,284,0.296,98,121,0.81
1628971,Bruce Brown,1610612765,DET,23,117,215,0.544,44,123,0.358,4,13,0.308,11,28,0.393,14,32,0.438,8,36,0.222,0,0,0,517,58,198,447,0.443,33,96,0.344,88,119,0.739
203998,Bruno Caboclo,1610612745,HOU,24,21,34,0.618,5,11,0.455,3,5,0.6,1,5,0.2,2,8,0.25,0,14,0,0,0,0,72,27,32,77,0.416,4,28,0.143,4,5,0.8
1628981,Bruno Fernando,1610612737,ATL,21,85,124,0.685,10,31,0.323,3,7,0.429,0,5,0,1,10,0.1,4,22,0.182,0,0,0,240,56,103,199,0.518,5,37,0.135,29,51,0.569
1627854,Bryn Forbes,1610612759,SAS,26,29,45,0.644,22,57,0.386,43,98,0.439,5,15,0.333,10,22,0.455,133,343,0.388,0,1,0,707,63,242,581,0.417,148,381,0.388,75,90,0.833
1627741,Buddy Hield,1610612758,SAC,27,107,164,0.652,28,85,0.329,77,195,0.395,33,72,0.458,21,45,0.467,190,501,0.379,0,0,0,1268,64,456,1062,0.429,244,618,0.395,112,131,0.855
203468,CJ McCollum,1610612757,POR,28,134,239,0.561,103,235,0.438,138,280,0.493,21,35,0.6,19,37,0.514,134,386,0.347,0,0,0,1395,62,549,1212,0.453,174,458,0.38,123,164,0.75
101139,CJ Miles,1610612764,WAS,33,6,13,0.462,1,6,0.167,1,5,0.2,0,2,0,2,5,0.4,9,28,0.321,0,0,0,64,10,19,59,0.322,11,35,0.314,15,20,0.75
1628997,Caleb Martin,1610612766,CHA,24,14,35,0.4,1,3,0.333,2,9,0.222,1,2,0.5,3,5,0.6,16,30,0.533,0,0,0,111,18,37,84,0.44,20,37,0.541,17,21,0.81
1628403,Caleb Swanigan,1610612757,POR,23,21,29,0.724,6,12,0.5,1,4,0.25,0,0,0,0,1,0,0,1,0,0,0,0,65,27,28,47,0.596,0,2,0,9,17,0.529
1629629,Cam Reddish,1610612737,ATL,20,74,142,0.521,29,86,0.337,27,76,0.355,13,40,0.325,13,41,0.317,57,169,0.337,0,0,0,610,58,213,554,0.384,83,250,0.332,101,126,0.802
1629661,Cameron Johnson,1610612756,PHX,24,32,56,0.571,1,11,0.091,12,29,0.414,19,44,0.432,21,54,0.389,51,130,0.392,0,1,0,398,49,136,325,0.418,91,229,0.397,35,46,0.761
1627747,Caris LeVert,1610612751,BKN,25,99,185,0.535,64,181,0.354,17,55,0.309,8,18,0.444,4,7,0.571,60,163,0.368,0,0,0,692,39,252,609,0.414,72,189,0.381,116,161,0.72
2546,Carmelo Anthony,1610612757,POR,36,81,152,0.533,32,77,0.416,104,257,0.405,5,14,0.357,14,23,0.609,53,155,0.342,0,1,0,763,50,289,679,0.426,72,194,0.371,113,134,0.843
1629035,Carsen Edwards,1610612738,BOS,22,5,16,0.313,0,9,0,11,20,0.55,0,5,0,1,3,0.333,20,60,0.333,0,0,0,106,35,37,113,0.327,21,68,0.309,11,13,0.846
1626224,Cedi Osman,1610612739,CLE,25,103,178,0.579,26,71,0.366,14,40,0.35,13,29,0.448,18,46,0.391,92,243,0.379,0,2,0,718,65,266,609,0.437,123,321,0.383,63,94,0.67
1628990,Chandler Hutchison,1610612741,CHI,24,56,95,0.589,11,35,0.314,1,7,0.143,5,14,0.357,3,7,0.429,4,17,0.235,0,0,0,218,28,80,175,0.457,12,38,0.316,46,78,0.59
202718,Chandler Parsons,1610612737,ATL,31,1,3,0.333,0,0,0,0,1,0,0,0,0,1,2,0.5,3,12,0.25,0,0,0,14,5,5,18,0.278,4,14,0.286,0,0,0
1629718,Charles Brown Jr.,1610612737,ATL,23,2,6,0.333,1,4,0.25,0,0,0,0,1,0,0,1,0,3,7,0.429,0,0,0,20,10,6,19,0.316,3,9,0.333,5,5,1
1626184,Chasson Randle,1610612744,GSW,27,0,0,0,0,0,0,0,2,0,0,0,0,0,0,0,0,2,0,0,0,0,5,3,0,4,0,0,2,0,5,6,0.833
1627767,Cheick Diallo,1610612756,PHX,23,68,93,0.731,12,24,0.5,8,18,0.444,0,0,0,1,1,1,0,1,0,0,0,0,211,44,89,137,0.65,1,2,0.5,32,37,0.865
1629002,Chimezie Metu,1610612759,SAS,23,10,13,0.769,4,9,0.444,6,12,0.5,0,0,0,0,0,0,0,1,0,0,0,0,46,16,20,35,0.571,0,1,0,6,8,0.75
1628449,Chris Boucher,1610612761,TOR,27,81,132,0.614,7,20,0.35,3,9,0.333,1,6,0.167,2,10,0.2,25,83,0.301,0,0,0,348,55,119,260,0.458,28,99,0.283,82,103,0.796
1629185,Chris Chiozza,1610612751,BKN,24,10,23,0.435,3,9,0.333,1,6,0.167,1,3,0.333,1,1,1,16,37,0.432,0,0,0,84,21,32,79,0.405,18,41,0.439,2,2,1
1629598,Chris Clemons,1610612745,HOU,22,15,25,0.6,1,3,0.333,2,4,0.5,0,0,0,1,2,0.5,32,92,0.348,0,0,0,141,29,51,126,0.405,33,94,0.351,6,7,0.857
101108,Chris Paul,1610612760,OKC,35,54,70,0.771,101,200,0.505,138,256,0.539,6,18,0.333,2,12,0.167,93,241,0.386,0,8,0,1114,63,394,805,0.489,101,279,0.362,225,250,0.9
1629735,Chris Silva,1610612748,MIA,23,36,51,0.706,4,11,0.364,3,5,0.6,0,1,0,0,1,0,0,0,0,0,0,0,120,41,43,69,0.623,0,2,0,34,49,0.694
1626174,Christian Wood,1610612765,DET,24,188,244,0.77,32,92,0.348,14,32,0.438,4,13,0.308,11,27,0.407,39,100,0.39,0,0,0,810,62,288,508,0.567,54,140,0.386,180,242,0.744
203991,Clint Capela,1610612737,ATL,26,219,317,0.691,24,67,0.358,1,4,0.25,0,0,0,0,0,0,0,0,0,0,0,0,543,39,244,388,0.629,0,0,0,55,104,0.529
1629632,Coby White,1610612741,CHI,20,113,228,0.496,29,78,0.372,37,110,0.336,13,41,0.317,7,15,0.467,113,319,0.354,0,1,0,859,65,312,792,0.394,133,376,0.354,102,129,0.791
1628998,Cody Martin,1610612766,CHA,24,64,100,0.64,3,14,0.214,4,16,0.25,4,17,0.235,2,14,0.143,12,46,0.261,0,0,0,238,48,89,207,0.43,18,77,0.234,42,65,0.646
203469,Cody Zeller,1610612766,CHA,27,201,317,0.634,29,82,0.354,3,5,0.6,1,1,1,1,3,0.333,16,71,0.225,0,0,0,642,58,251,479,0.524,18,75,0.24,122,179,0.682
1629012,Collin Sexton,1610612739,CLE,21,229,399,0.574,121,270,0.448,66,162,0.407,9,16,0.563,8,16,0.5,80,223,0.359,0,0,0,1349,65,513,1086,0.472,97,255,0.38,226,267,0.846
202709,Cory Joseph,1610612758,SAC,28,44,69,0.638,34,87,0.391,30,79,0.38,10,25,0.4,4,12,0.333,33,97,0.34,0,0,0,405,64,155,369,0.42,47,134,0.351,48,58,0.828
201584,Courtney Lee,1610612742,DAL,34,11,15,0.733,4,8,0.5,4,12,0.333,6,12,0.5,3,8,0.375,12,27,0.444,0,0,0,107,24,40,82,0.488,21,47,0.447,6,7,0.857
1626245,Cristiano Felicio,1610612741,CHI,27,31,44,0.705,3,6,0.5,0,2,0,0,0,0,0,0,0,0,2,0,0,0,0,86,22,34,54,0.63,0,2,0,18,23,0.783
1626156,D'Angelo Russell,1610612750,MIN,24,54,78,0.692,63,162,0.389,85,175,0.486,6,16,0.375,9,21,0.429,143,392,0.365,0,2,0,1039,45,360,846,0.426,158,431,0.367,161,199,0.809
201571,D.J. Augustin,1610612753,ORL,32,52,99,0.525,22,62,0.355,22,62,0.355,6,15,0.4,2,11,0.182,52,144,0.361,0,4,0,511,49,156,397,0.393,60,174,0.345,139,157,0.885
1628391,D.J. Wilson,1610612749,MIL,24,19,27,0.704,2,8,0.25,5,11,0.455,5,7,0.714,4,7,0.571,5,41,0.122,0,0,0,100,31,40,101,0.396,14,55,0.255,6,9,0.667
1629610,DaQuan Jeffries,1610612758,SAC,22,2,2,1,0,1,0,0,0,0,0,1,0,0,1,0,1,2,0.5,0,0,0,7,6,3,7,0.429,1,4,0.25,0,0,0
1627745,Damian Jones,1610612737,ATL,24,115,152,0.757,3,13,0.231,1,4,0.25,0,2,0,2,5,0.4,0,2,0,0,0,0,306,55,121,178,0.68,2,9,0.222,62,84,0.738
203081,Damian Lillard,1610612757,POR,29,218,379,0.575,28,80,0.35,59,130,0.454,3,9,0.333,6,14,0.429,217,548,0.396,0,2,0,1677,58,531,1162,0.457,226,573,0.394,389,438,0.888
1627814,Damion Lee,1610612744,GSW,27,57,94,0.606,36,92,0.391,35,86,0.407,11,30,0.367,9,24,0.375,65,184,0.353,0,1,0,621,49,213,511,0.417,85,239,0.356,110,126,0.873
1628422,Damyean Dotson,1610612752,NYK,26,25,40,0.625,6,20,0.3,30,67,0.448,2,10,0.2,7,17,0.412,50,136,0.368,0,0,0,321,48,120,290,0.414,59,163,0.362,22,33,0.667
1629655,Daniel Gafford,1610612741,CHI,21,91,119,0.765,3,15,0.2,0,0,0,0,0,0,0,0,0,0,0,0,0,0,0,220,43,94,134,0.701,0,0,0,32,60,0.533
1628464,Daniel Theis,1610612738,BOS,28,145,205,0.707,30,67,0.448,15,29,0.517,2,4,0.5,1,8,0.125,23,67,0.343,0,2,0,539,58,216,382,0.565,26,81,0.321,81,106,0.764
201568,Danilo Gallinari,1610612760,OKC,31,77,122,0.631,20,72,0.278,67,153,0.438,6,20,0.3,11,26,0.423,148,356,0.416,0,0,0,1057,55,329,749,0.439,165,403,0.409,234,264,0.886
201980,Danny Green,1610612747,LAL,33,41,63,0.651,14,30,0.467,10,33,0.303,27,58,0.466,25,69,0.362,61,172,0.355,0,0,0,501,61,178,425,0.419,113,299,0.378,32,44,0.727
203957,Dante Exum,1610612739,CLE,24,32,52,0.615,6,21,0.286,3,3,1,2,8,0.25,1,5,0.2,12,29,0.414,0,1,0,159,35,56,119,0.471,15,43,0.349,32,43,0.744
1627863,Danuel House Jr.,1610612745,HOU,27,82,132,0.621,7,28,0.25,5,13,0.385,18,47,0.383,30,87,0.345,64,173,0.37,0,2,0,593,58,206,482,0.427,113,311,0.363,68,85,0.8
203967,Dario Saric,1610612756,PHX,26,103,162,0.636,19,49,0.388,22,45,0.489,4,23,0.174,3,16,0.188,66,175,0.377,0,0,0,586,58,217,470,0.462,73,214,0.341,79,95,0.832
1629647,Darius Bazley,1610612760,OKC,20,44,79,0.557,10,40,0.25,4,12,0.333,9,18,0.5,7,27,0.259,14,54,0.259,0,0,0,238,53,88,230,0.383,30,100,0.3,32,47,0.681
1629636,Darius Garland,1610612739,CLE,20,64,145,0.441,53,123,0.431,58,136,0.426,14,36,0.389,10,23,0.435,81,236,0.343,0,0,0,728,59,280,699,0.401,105,296,0.355,63,72,0.875
1629133,Daryl Macon,1610612748,MIA,24,0,0,0,0,0,0,0,1,0,1,1,1,0,0,0,0,1,0,NA,NA,NA,3,4,1,3,0.333,1,2,0.5,0,0,0
1628021,David Nwaba,1610612751,BKN,27,21,32,0.656,4,10,0.4,0,1,0,3,5,0.6,3,8,0.375,6,15,0.4,0,0,0,104,20,37,71,0.521,12,28,0.429,18,27,0.667
202722,Davis Bertans,1610612764,WAS,27,43,72,0.597,9,30,0.3,13,36,0.361,9,19,0.474,12,19,0.632,179,433,0.413,0,1,0,834,54,265,610,0.434,200,472,0.424,104,122,0.852
1628368,De'Aaron Fox,1610612758,SAC,22,173,274,0.631,80,196,0.408,28,68,0.412,3,17,0.176,1,7,0.143,44,129,0.341,0,1,0,920,45,329,692,0.475,47,153,0.307,215,306,0.703
1629631,De'Andre Hunter,1610612737,ATL,22,97,175,0.554,29,101,0.287,46,103,0.447,21,55,0.382,18,54,0.333,69,194,0.356,0,1,0,778,63,280,683,0.41,108,304,0.355,110,144,0.764
1629001,De'Anthony Melton,1610612763,MEM,22,68,114,0.596,28,69,0.406,15,53,0.283,6,14,0.429,5,10,0.5,26,91,0.286,0,2,0,420,52,148,353,0.419,37,117,0.316,87,106,0.821
201599,DeAndre Jordan,1610612751,BKN,31,182,264,0.689,8,20,0.4,1,3,0.333,0,0,0,0,0,0,0,0,0,0,0,0,465,56,191,287,0.666,0,0,0,83,122,0.68
1627761,DeAndre' Bembry,1610612737,ATL,25,70,119,0.588,18,38,0.474,1,6,0.167,5,17,0.294,3,11,0.273,7,36,0.194,0,1,0,249,43,104,228,0.456,15,65,0.231,26,48,0.542
201942,DeMar DeRozan,1610612759,SAS,30,203,287,0.707,144,308,0.468,148,331,0.447,4,9,0.444,0,2,0,4,19,0.211,0,0,0,1352,61,503,956,0.526,8,30,0.267,338,401,0.843
201960,DeMarre Carroll,1610612745,HOU,33,8,13,0.615,5,12,0.417,1,2,0.5,2,5,0.4,3,5,0.6,2,17,0.118,0,0,0,73,21,21,54,0.389,7,27,0.259,24,36,0.667
1629731,Dean Wade,1610612739,CLE,23,7,9,0.778,0,0,0,0,0,0,0,0,0,1,2,0.5,1,2,0.5,0,0,0,20,12,9,13,0.692,2,4,0.5,0,1,0
1629028,Deandre Ayton,1610612756,PHX,21,162,239,0.678,52,107,0.486,41,116,0.353,0,0,0,0,0,0,0,3,0,0,0,0,570,30,255,465,0.548,0,3,0,60,78,0.769
1627749,Dejounte Murray,1610612759,SAS,23,105,185,0.568,45,114,0.395,71,149,0.477,6,16,0.375,6,14,0.429,22,59,0.373,0,0,0,619,58,255,537,0.475,34,90,0.378,75,94,0.798
1626153,Delon Wright,1610612742,DAL,28,104,165,0.63,25,84,0.298,5,15,0.333,6,11,0.545,8,13,0.615,31,90,0.344,0,3,0,474,65,179,381,0.47,45,117,0.385,71,90,0.789
203471,Dennis Schroder,1610612760,OKC,26,151,240,0.629,54,146,0.37,115,239,0.481,13,25,0.52,5,10,0.5,104,281,0.37,0,4,0,1199,63,442,945,0.468,122,320,0.381,193,230,0.839
1628372,Dennis Smith Jr.,1610612752,NYK,22,38,75,0.507,9,32,0.281,9,50,0.18,1,5,0.2,2,4,0.5,13,45,0.289,0,0,0,187,34,72,211,0.341,16,54,0.296,27,53,0.509
1627756,Denzel Valentine,1610612741,CHI,26,6,12,0.5,30,59,0.508,15,29,0.517,4,8,0.5,5,13,0.385,37,114,0.325,0,2,0,246,36,97,237,0.409,46,137,0.336,6,8,0.75
1629126,Deonte Burton,1610612760,OKC,26,26,43,0.605,1,10,0.1,2,6,0.333,1,4,0.25,1,8,0.125,8,32,0.25,0,2,0,94,34,39,105,0.371,10,46,0.217,6,12,0.5
202324,Derrick Favors,1610612740,NOP,28,163,229,0.712,17,44,0.386,8,25,0.32,1,4,0.25,0,1,0,0,2,0,0,0,0,415,45,189,305,0.62,1,7,0.143,36,62,0.581
1627884,Derrick Jones Jr.,1610612748,MIA,23,123,167,0.737,7,23,0.304,2,7,0.286,11,37,0.297,6,35,0.171,17,49,0.347,0,5,0,454,51,166,323,0.514,34,126,0.27,88,113,0.779
201565,Derrick Rose,1610612765,DET,31,174,274,0.635,84,185,0.454,66,147,0.449,3,8,0.375,6,11,0.545,36,127,0.283,0,1,0,904,50,369,753,0.49,45,147,0.306,121,139,0.871
1628476,Derrick Walton Jr.,1610612765,DET,25,2,3,0.667,1,1,1,5,11,0.455,1,3,0.333,1,5,0.2,8,16,0.5,0,0,0,53,26,18,39,0.462,10,24,0.417,7,9,0.778
1628401,Derrick White,1610612759,SAS,25,85,147,0.578,51,97,0.526,20,60,0.333,5,16,0.313,6,9,0.667,46,132,0.348,0,3,0,633,61,213,464,0.459,57,160,0.356,150,175,0.857
1626164,Devin Booker,1610612756,PHX,23,200,290,0.69,90,191,0.471,128,288,0.444,10,21,0.476,4,15,0.267,112,313,0.358,0,0,0,1619,62,544,1118,0.487,126,350,0.36,405,442,0.916
1628985,Devon Hall,1610612760,OKC,24,1,2,0.5,0,1,0,0,0,0,0,0,0,0,0,0,0,2,0,0,0,0,5,5,1,5,0.2,0,2,0,3,4,0.75
1628984,Devonte' Graham,1610612766,CHA,25,75,153,0.49,39,121,0.322,37,105,0.352,7,17,0.412,10,23,0.435,200,541,0.37,0,3,0,1145,63,368,963,0.382,218,585,0.373,191,233,0.82
1629608,Dewan Hernandez,1610612761,TOR,23,1,4,0.25,0,0,0,0,0,0,0,0,0,0,0,0,0,1,0,0,0,0,4,4,1,5,0.2,0,1,0,2,2,1
203473,Dewayne Dedmon,1610612737,ATL,30,61,92,0.663,11,37,0.297,8,19,0.421,1,5,0.2,2,15,0.133,19,87,0.218,0,0,0,256,44,102,255,0.4,22,107,0.206,30,36,0.833
1628415,Dillon Brooks,1610612763,MEM,24,93,187,0.497,76,202,0.376,71,178,0.399,5,19,0.263,8,22,0.364,119,316,0.377,0,1,0,1020,65,372,925,0.402,132,358,0.369,144,178,0.809
203079,Dion Waiters,1610612747,LAL,28,1,6,0.167,0,0,0,1,3,0.333,1,2,0.5,0,1,0,7,14,0.5,0,0,0,28,3,10,26,0.385,8,17,0.471,0,1,0
1627734,Domantas Sabonis,1610612754,IND,24,315,486,0.648,64,156,0.41,62,139,0.446,1,2,0.5,0,4,0,16,61,0.262,0,0,0,1147,62,458,848,0.54,17,67,0.254,214,296,0.723
1628378,Donovan Mitchell,1610612762,UTA,23,162,265,0.611,141,325,0.434,101,217,0.465,8,27,0.296,17,34,0.5,131,363,0.361,0,4,0,1525,63,560,1235,0.453,156,428,0.364,249,290,0.859
1629743,Donta Hall,1610612765,DET,22,1,4,0.25,0,0,0,0,0,0,0,0,0,0,0,0,0,0,0,0,0,0,6,4,1,4,0.25,0,0,0,4,6,0.667
1628978,Donte DiVincenzo,1610612749,MIL,23,109,170,0.641,8,28,0.286,17,34,0.5,4,18,0.222,6,15,0.4,65,184,0.353,0,3,0,554,59,209,452,0.462,76,221,0.344,60,78,0.769
1627827,Dorian Finney-Smith,1610612742,DAL,27,103,157,0.656,8,23,0.348,4,13,0.308,31,73,0.425,28,63,0.444,40,128,0.313,0,0,0,597,64,214,457,0.468,99,265,0.374,70,97,0.722
203926,Doug McDermott,1610612754,IND,28,94,137,0.686,13,30,0.433,15,58,0.259,24,55,0.436,5,12,0.417,90,199,0.452,0,0,0,643,62,241,491,0.491,118,265,0.445,43,52,0.827
1627733,Dragan Bender,1610612744,GSW,22,19,31,0.613,7,18,0.389,0,0,0,2,8,0.25,3,5,0.6,10,30,0.333,0,0,0,107,16,41,92,0.446,15,43,0.349,10,14,0.714
203110,Draymond Green,1610612744,GSW,30,55,91,0.604,20,54,0.37,12,42,0.286,1,4,0.25,3,9,0.333,32,116,0.276,0,0,0,345,43,123,316,0.389,36,129,0.279,63,83,0.759
1629234,Drew Eubanks,1610612759,SAS,23,11,15,0.733,6,9,0.667,3,3,1,0,0,0,1,1,1,0,0,0,0,0,0,51,14,21,28,0.75,1,1,1,8,11,0.727
1629130,Duncan Robinson,1610612748,MIA,26,36,46,0.783,3,10,0.3,4,14,0.286,36,62,0.581,34,77,0.442,173,403,0.429,0,1,0,863,65,286,613,0.467,243,543,0.448,48,53,0.906
1628605,Dusty Hannahs,1610612763,MEM,26,1,1,1,1,4,0.25,0,1,0,0,0,0,0,0,0,2,3,0.667,0,0,0,12,2,4,9,0.444,2,3,0.667,2,2,1
1628407,Dwayne Bacon,1610612766,CHA,24,40,95,0.421,19,55,0.345,7,27,0.259,2,9,0.222,1,2,0.5,16,56,0.286,0,0,0,224,39,85,244,0.348,19,67,0.284,35,53,0.66
2730,Dwight Howard,1610612747,LAL,34,173,219,0.79,10,30,0.333,2,3,0.667,1,1,1,0,1,0,2,3,0.667,0,0,0,468,62,188,257,0.732,3,5,0.6,89,180,0.494
203939,Dwight Powell,1610612742,DAL,28,130,165,0.788,6,21,0.286,0,4,0,1,5,0.2,3,7,0.429,6,27,0.222,0,0,0,376,40,146,229,0.638,10,39,0.256,74,111,0.667
1629058,Dzanan Musa,1610612751,BKN,21,30,60,0.5,5,13,0.385,0,1,0,0,2,0,3,9,0.333,12,54,0.222,0,0,0,148,35,50,139,0.36,15,65,0.231,33,44,0.75
202734,E'Twaun Moore,1610612740,NOP,31,46,76,0.605,49,117,0.419,19,57,0.333,10,30,0.333,10,25,0.4,40,105,0.381,0,0,0,437,51,174,410,0.424,60,160,0.375,29,43,0.674
202334,Ed Davis,1610612762,UTA,31,12,22,0.545,1,11,0.091,1,1,1,0,0,0,0,0,0,0,0,0,0,0,0,33,25,14,34,0.412,0,0,0,5,11,0.455
1628410,Edmond Sumner,1610612754,IND,24,33,53,0.623,3,15,0.2,1,5,0.2,3,7,0.429,3,4,0.75,4,27,0.148,0,0,0,114,25,47,111,0.423,10,38,0.263,10,15,0.667
203901,Elfrid Payton,1610612752,NYK,26,113,205,0.551,48,119,0.403,18,47,0.383,0,3,0,3,8,0.375,11,58,0.19,0,0,0,449,45,193,440,0.439,14,69,0.203,49,86,0.57
1629059,Elie Okobo,1610612756,PHX,22,36,66,0.545,6,26,0.231,5,18,0.278,5,10,0.5,1,5,0.2,19,55,0.345,0,1,0,215,54,72,181,0.398,25,71,0.352,46,67,0.687
1626144,Emmanuel Mudiay,1610612762,UTA,24,50,90,0.556,37,76,0.487,22,47,0.468,4,16,0.25,3,7,0.429,20,52,0.385,0,1,0,351,48,136,289,0.471,27,76,0.355,52,69,0.754
202683,Enes Kanter,1610612738,BOS,28,146,237,0.616,22,51,0.431,7,16,0.438,0,0,0,0,1,0,1,6,0.167,0,0,0,416,51,176,311,0.566,1,7,0.143,63,89,0.708
202339,Eric Bledsoe,1610612749,MIL,30,176,261,0.674,45,129,0.349,28,71,0.394,2,13,0.154,5,16,0.313,63,172,0.366,0,0,0,865,56,319,662,0.482,70,201,0.348,157,193,0.813
201569,Eric Gordon,1610612745,HOU,31,59,111,0.532,10,30,0.333,1,9,0.111,5,14,0.357,0,11,0,87,261,0.333,0,2,0,494,34,162,438,0.37,92,288,0.319,78,103,0.757
1628450,Eric Mika,1610612758,SAC,25,1,2,0.5,1,1,1,0,0,0,0,0,0,0,0,0,0,0,0,0,0,0,6,1,2,3,0.667,0,0,0,2,2,1
1629672,Eric Paschall,1610612744,GSW,23,168,247,0.68,58,136,0.426,55,128,0.43,5,17,0.294,5,17,0.294,27,93,0.29,0,2,0,837,60,318,640,0.497,37,129,0.287,164,212,0.774
101141,Ersan Ilyasova,1610612749,MIL,33,62,109,0.569,16,36,0.444,13,21,0.619,6,12,0.5,4,22,0.182,36,90,0.4,0,0,0,382,56,137,290,0.472,46,124,0.371,62,75,0.827
203095,Evan Fournier,1610612753,ORL,27,121,185,0.654,59,142,0.415,62,135,0.459,28,51,0.549,5,12,0.417,133,344,0.387,0,0,0,1149,61,408,869,0.47,165,406,0.406,168,205,0.82
202323,Evan Turner,1610612750,MIN,31,11,21,0.524,6,21,0.286,8,20,0.4,0,0,0,0,1,0,0,4,0,0,0,0,62,19,25,67,0.373,0,5,0,12,14,0.857
1628402,Frank Jackson,1610612740,NOP,22,30,63,0.476,16,40,0.4,14,34,0.412,9,21,0.429,9,24,0.375,21,73,0.288,0,2,0,285,51,99,257,0.385,39,120,0.325,48,64,0.75
1626163,Frank Kaminsky,1610612756,PHX,27,54,94,0.574,27,54,0.5,7,20,0.35,1,3,0.333,2,4,0.5,36,104,0.346,0,0,0,352,32,127,279,0.455,39,112,0.348,59,88,0.67
1628412,Frank Mason,1610612749,MIL,26,2,4,0.5,0,3,0,1,2,0.5,0,2,0,0,1,0,2,7,0.286,0,0,0,14,6,5,19,0.263,2,10,0.2,2,4,0.5
1628373,Frank Ntilikina,1610612752,NYK,21,38,69,0.551,14,40,0.35,35,87,0.402,7,12,0.583,7,17,0.412,30,107,0.28,0,1,0,357,57,131,333,0.393,44,137,0.321,51,59,0.864
1627832,Fred VanVleet,1610612761,TOR,26,125,244,0.512,12,61,0.197,19,58,0.328,14,31,0.452,11,26,0.423,106,280,0.379,0,1,0,845,48,287,701,0.409,131,338,0.388,140,166,0.843
1627788,Furkan Korkmaz,1610612755,PHI,22,47,74,0.635,26,66,0.394,23,57,0.404,16,33,0.485,20,38,0.526,90,245,0.367,0,1,0,623,64,222,514,0.432,126,317,0.397,53,72,0.736
1629216,Gabe Vincent,1610612748,MIA,24,0,1,0,0,1,0,0,1,0,0,0,0,0,2,0,4,14,0.286,NA,NA,NA,12,6,4,19,0.211,4,16,0.25,0,0,0
202066,Garrett Temple,1610612751,BKN,34,59,108,0.546,13,31,0.419,14,39,0.359,25,60,0.417,15,49,0.306,72,237,0.304,0,0,0,564,55,198,524,0.378,112,346,0.324,56,73,0.767
1629726,Garrison Mathews,1610612764,WAS,23,1,1,1,1,3,0.333,3,6,0.5,3,4,0.75,2,7,0.286,14,35,0.4,0,0,0,98,18,24,56,0.429,19,46,0.413,31,34,0.912
1629109,Gary Clark,1610612753,ORL,25,10,12,0.833,0,1,0,0,2,0,7,16,0.438,5,12,0.417,16,58,0.276,0,0,0,112,35,38,101,0.376,28,86,0.326,8,9,0.889
203914,Gary Harris,1610612743,DEN,25,103,176,0.585,20,79,0.253,25,57,0.439,22,44,0.5,10,22,0.455,38,140,0.271,0,1,0,581,56,218,519,0.42,70,210,0.333,75,92,0.815
1627780,Gary Payton II,1610612764,WAS,27,33,51,0.647,1,15,0.067,1,5,0.2,5,15,0.333,1,6,0.167,7,24,0.292,0,0,0,113,29,48,116,0.414,13,46,0.283,4,8,0.5
1629018,Gary Trent Jr.,1610612757,POR,21,28,47,0.596,13,35,0.371,30,67,0.448,12,23,0.522,9,34,0.265,57,143,0.399,0,1,0,406,53,149,350,0.426,78,201,0.388,30,36,0.833
201588,George Hill,1610612749,MIL,34,81,119,0.681,12,37,0.324,12,28,0.429,12,22,0.545,8,16,0.5,53,113,0.469,0,1,0,498,52,178,336,0.53,73,152,0.48,69,83,0.831
1627777,Georges Niang,1610612762,UTA,27,27,37,0.73,13,33,0.394,3,10,0.3,20,47,0.426,18,39,0.462,39,99,0.394,0,0,0,336,58,120,265,0.453,77,185,0.416,19,22,0.864
203507,Giannis Antetokounmpo,1610612749,MIL,25,434,595,0.729,65,165,0.394,41,108,0.38,5,8,0.625,0,2,0,78,261,0.299,0,0,0,1690,57,623,1139,0.547,83,271,0.306,361,570,0.633
203922,Glenn Robinson III,1610612755,PHI,26,98,147,0.667,46,104,0.442,63,136,0.463,12,36,0.333,19,39,0.487,43,115,0.374,0,1,0,708,60,281,578,0.486,74,191,0.387,72,83,0.867
1629048,Goga Bitadze,1610612754,IND,20,26,34,0.765,13,25,0.52,16,34,0.471,2,2,1,0,3,0,4,30,0.133,0,1,0,152,49,61,129,0.473,6,36,0.167,24,33,0.727
201609,Goran Dragic,1610612748,MIA,34,93,143,0.65,44,119,0.37,35,88,0.398,17,29,0.586,8,30,0.267,93,253,0.368,0,1,0,868,54,290,663,0.437,118,313,0.377,170,221,0.769
202330,Gordon Hayward,1610612738,BOS,30,111,161,0.689,56,127,0.441,64,130,0.492,8,21,0.381,9,22,0.409,57,146,0.39,0,0,0,778,45,305,607,0.502,74,189,0.392,94,111,0.847
203476,Gorgui Dieng,1610612763,MEM,30,68,104,0.654,17,42,0.405,22,55,0.4,8,19,0.421,8,18,0.444,35,105,0.333,0,0,0,428,58,158,343,0.461,51,142,0.359,61,83,0.735
1629684,Grant Williams,1610612738,BOS,21,42,64,0.656,13,28,0.464,4,15,0.267,9,25,0.36,2,13,0.154,10,45,0.222,0,2,0,218,62,80,192,0.417,21,85,0.247,37,51,0.725
1628960,Grayson Allen,1610612763,MEM,24,27,37,0.73,15,40,0.375,4,8,0.5,12,21,0.571,0,6,0,21,64,0.328,0,0,0,221,30,79,176,0.449,33,91,0.363,30,35,0.857
1628977,Hamidou Diallo,1610612760,OKC,21,73,122,0.598,11,42,0.262,8,20,0.4,5,17,0.294,2,11,0.182,0,7,0,0,0,0,233,38,99,219,0.452,7,35,0.2,28,45,0.622
203084,Harrison Barnes,1610612758,SAC,28,159,257,0.619,58,153,0.379,16,58,0.276,19,43,0.442,14,48,0.292,59,151,0.391,1,1,1,941,64,326,711,0.459,93,243,0.383,196,244,0.803
1628385,Harry Giles III,1610612758,SAC,22,69,90,0.767,20,59,0.339,27,58,0.466,0,0,0,0,0,0,0,0,0,0,0,0,265,38,116,207,0.56,0,0,0,33,43,0.767
202355,Hassan Whiteside,1610612757,POR,31,297,411,0.723,84,178,0.472,33,80,0.413,0,0,0,0,0,0,4,7,0.571,0,0,0,993,61,418,676,0.618,4,7,0.571,153,225,0.68
1627740,Henry Ellenson,1610612751,BKN,23,1,2,0.5,0,1,0,0,0,0,NA,NA,NA,0,2,0,0,2,0,0,0,0,2,5,1,7,0.143,0,4,0,0,0,0
101133,Ian Mahinmi,1610612764,WAS,33,75,122,0.615,22,55,0.4,2,7,0.286,1,3,0.333,0,1,0,4,21,0.19,0,1,0,283,38,104,210,0.495,5,26,0.192,70,113,0.619
1629649,Ignas Brazdeikis,1610612752,NYK,21,5,6,0.833,0,3,0,0,4,0,0,1,0,0,0,0,1,8,0.125,0,0,0,17,9,6,22,0.273,1,9,0.111,4,5,0.8
202697,Iman Shumpert,1610612751,BKN,29,7,11,0.636,2,3,0.667,4,17,0.235,0,5,0,3,4,0.75,5,24,0.208,0,0,0,54,13,21,64,0.328,8,33,0.242,4,7,0.571
1629067,Isaac Bonga,1610612764,WAS,20,60,97,0.619,12,24,0.5,2,8,0.25,7,13,0.538,4,10,0.4,11,31,0.355,0,1,0,266,58,96,184,0.522,22,55,0.4,52,64,0.813
1628392,Isaiah Hartenstein,1610612745,HOU,22,39,50,0.78,4,10,0.4,1,2,0.5,0,1,0,0,0,0,0,4,0,0,0,0,107,23,44,67,0.657,0,5,0,19,28,0.679
1629676,Isaiah Roby,1610612760,OKC,22,0,1,0,0,0,0,0,0,0,NA,NA,NA,0,0,0,0,0,0,0,0,0,0,3,0,1,0,0,0,0,0,0,0
202738,Isaiah Thomas,1610612764,WAS,31,20,43,0.465,32,93,0.344,44,101,0.436,3,8,0.375,5,16,0.313,70,165,0.424,0,0,0,488,40,174,426,0.408,78,189,0.413,62,76,0.816
202397,Ish Smith,1610612764,WAS,31,99,168,0.589,41,99,0.414,67,164,0.409,5,19,0.263,11,27,0.407,39,104,0.375,0,0,0,627,60,262,581,0.451,55,150,0.367,48,70,0.686
1627826,Ivica Zubac,1610612746,LAC,23,159,248,0.641,28,62,0.452,15,24,0.625,0,0,0,0,0,0,0,2,0,0,0,0,511,64,202,336,0.601,0,2,0,107,141,0.759
200826,J.J. Barea,1610612742,DAL,35,28,50,0.56,8,29,0.276,9,24,0.375,3,7,0.429,1,1,1,25,67,0.373,0,1,0,194,26,74,179,0.413,29,76,0.382,17,18,0.944
1629122,J.P. Macura,1610612739,CLE,25,NA,NA,NA,NA,NA,NA,0,0,0,NA,NA,NA,NA,NA,NA,0,0,0,NA,NA,NA,0,1,0,0,0,0,0,0,0,0,0
200755,JJ Redick,1610612740,NOP,35,26,47,0.553,7,31,0.226,62,134,0.463,7,22,0.318,23,37,0.622,126,287,0.439,0,0,0,805,54,251,558,0.45,156,345,0.452,147,163,0.902
1629630,Ja Morant,1610612763,MEM,20,218,379,0.575,95,211,0.45,29,71,0.408,3,7,0.429,4,8,0.5,44,120,0.367,0,4,0,1041,59,393,800,0.491,51,139,0.367,204,265,0.77
203960,JaKarr Sampson,1610612754,IND,27,37,52,0.712,5,9,0.556,4,7,0.571,0,6,0,1,4,0.25,1,3,0.333,0,0,0,109,26,48,81,0.593,2,13,0.154,11,20,0.55
203210,JaMychal Green,1610612746,LAC,30,41,71,0.577,7,20,0.35,3,8,0.375,12,24,0.5,7,24,0.292,55,155,0.355,0,0,0,356,55,125,302,0.414,74,204,0.363,32,44,0.727
201580,JaVale McGee,1610612747,LAL,32,155,219,0.708,19,51,0.373,4,7,0.571,0,0,0,0,0,0,3,5,0.6,0,1,0,414,61,181,283,0.64,3,6,0.5,49,75,0.653
203953,Jabari Parker,1610612758,SAC,25,132,185,0.714,27,65,0.415,9,33,0.273,7,23,0.304,6,16,0.375,18,75,0.24,0,2,0,484,33,199,399,0.499,31,116,0.267,55,74,0.743
1628980,Jacob Evans,1610612750,MIN,23,7,19,0.368,9,27,0.333,16,49,0.327,1,5,0.2,2,5,0.4,10,29,0.345,0,0,0,128,29,45,134,0.336,13,39,0.333,25,29,0.862
203109,Jae Crowder,1610612748,MIA,29,67,106,0.632,5,22,0.227,12,30,0.4,14,34,0.412,13,48,0.271,86,273,0.315,0,0,0,602,58,197,513,0.384,113,355,0.318,95,121,0.785
1626143,Jahlil Okafor,1610612740,NOP,24,67,94,0.713,19,46,0.413,1,2,0.5,0,0,0,0,0,0,1,2,0.5,0,0,0,214,28,88,144,0.611,1,2,0.5,37,58,0.638
1627774,Jake Layman,1610612750,MIN,26,41,68,0.603,7,24,0.292,9,15,0.6,2,7,0.286,3,8,0.375,19,57,0.333,0,0,0,210,23,81,179,0.453,24,72,0.333,24,32,0.75
1627751,Jakob Poeltl,1610612759,SAS,24,103,150,0.687,28,61,0.459,4,7,0.571,0,0,0,0,0,0,0,0,0,0,0,0,306,58,135,218,0.619,0,0,0,36,74,0.486
1628973,Jalen Brunson,1610612742,DAL,23,56,91,0.615,46,101,0.455,36,76,0.474,4,13,0.308,6,16,0.375,33,91,0.363,0,0,0,466,57,181,388,0.466,43,120,0.358,61,75,0.813
1629665,Jalen Lecque,1610612756,PHX,20,3,4,0.75,0,0,0,1,2,0.5,0,0,0,0,2,0,0,2,0,0,0,0,10,4,4,10,0.4,0,4,0,2,2,1
1629667,Jalen McDaniels,1610612766,CHA,22,16,28,0.571,7,15,0.467,1,3,0.333,2,6,0.333,4,8,0.5,3,9,0.333,0,1,0,89,16,33,70,0.471,9,24,0.375,14,17,0.824
1627750,Jamal Murray,1610612743,DEN,23,116,184,0.63,63,139,0.453,102,220,0.464,7,15,0.467,6,17,0.353,91,268,0.34,0,3,0,1033,55,385,846,0.455,105,304,0.345,158,177,0.893
203516,James Ennis III,1610612753,ORL,29,73,122,0.598,5,19,0.263,3,14,0.214,10,26,0.385,11,26,0.423,26,85,0.306,0,2,0,366,61,128,294,0.435,47,139,0.338,63,78,0.808
201935,James Harden,1610612745,HOU,30,242,387,0.625,81,214,0.379,9,16,0.563,7,18,0.389,6,17,0.353,258,733,0.352,0,1,0,2096,61,603,1386,0.435,271,769,0.352,619,719,0.861
201949,James Johnson,1610612750,MIN,33,62,91,0.681,5,25,0.2,3,8,0.375,4,8,0.5,1,9,0.111,28,72,0.389,0,2,0,270,32,103,215,0.479,33,91,0.363,31,48,0.646
201162,Jared Dudley,1610612747,LAL,34,2,10,0.2,1,2,0.5,1,4,0.25,2,3,0.667,4,7,0.571,10,24,0.417,0,0,0,58,40,20,50,0.4,16,34,0.471,2,2,1
1629607,Jared Harper,1610612756,PHX,22,0,0,0,1,2,0.5,0,0,0,0,0,0,0,0,0,0,2,0,NA,NA,NA,2,3,1,4,0.25,0,2,0,0,0,0
1628991,Jaren Jackson Jr.,1610612763,MEM,20,129,198,0.652,58,147,0.395,6,16,0.375,11,31,0.355,18,42,0.429,106,266,0.398,0,1,0,914,54,328,701,0.468,135,340,0.397,123,166,0.741
1629020,Jarred Vanderbilt,1610612750,MIN,21,5,7,0.714,0,0,0,0,0,0,0,0,0,0,1,0,0,0,0,0,0,0,12,11,5,8,0.625,0,1,0,2,2,1
1629714,Jarrell Brantley,1610612762,UTA,24,0,0,0,0,0,0,0,0,0,0,0,0,NA,NA,NA,0,0,0,0,0,0,0,5,0,0,0,0,0,0,0,0,0
1628386,Jarrett Allen,1610612751,BKN,22,249,350,0.711,17,54,0.315,1,4,0.25,0,2,0,0,2,0,0,1,0,0,0,0,681,64,267,413,0.646,0,5,0,147,237,0.62
1629633,Jarrett Culver,1610612750,MIN,21,138,254,0.543,17,70,0.243,9,24,0.375,4,18,0.222,6,25,0.24,56,177,0.316,0,1,0,580,63,230,569,0.404,66,221,0.299,54,117,0.462
1627784,Jarrod Uthoff,1610612763,MEM,27,0,1,0,1,2,0.5,0,0,0,NA,NA,NA,0,0,0,0,4,0,0,0,0,4,4,1,7,0.143,0,4,0,2,2,1
1629750,Javonte Green,1610612738,BOS,26,34,55,0.618,7,17,0.412,2,3,0.667,1,5,0.2,2,4,0.5,3,14,0.214,0,0,0,127,44,49,98,0.5,6,23,0.261,23,36,0.639
1629637,Jaxson Hayes,1610612740,NOP,20,149,208,0.716,4,21,0.19,1,2,0.5,1,1,1,0,0,0,0,0,0,0,3,0,420,56,155,235,0.66,1,4,0.25,109,173,0.63
1627759,Jaylen Brown,1610612738,BOS,23,163,249,0.655,69,151,0.457,39,91,0.429,21,46,0.457,17,35,0.486,69,199,0.347,0,1,0,1022,50,378,772,0.49,107,281,0.381,159,216,0.736
1629658,Jaylen Hoard,1610612757,POR,21,15,20,0.75,0,8,0,0,1,0,0,0,0,0,0,0,0,3,0,0,0,0,38,13,15,32,0.469,0,3,0,8,13,0.615
1629669,Jaylen Nowell,1610612750,MIN,20,9,17,0.529,4,7,0.571,3,4,0.75,1,8,0.125,0,0,0,2,17,0.118,0,0,0,57,15,19,53,0.358,3,26,0.115,16,17,0.941
1628369,Jayson Tatum,1610612738,BOS,22,197,332,0.593,67,180,0.372,68,181,0.376,23,46,0.5,7,34,0.206,137,338,0.405,0,2,0,1390,59,499,1113,0.448,167,420,0.398,225,279,0.806
201145,Jeff Green,1610612745,HOU,33,51,77,0.662,13,35,0.371,4,12,0.333,11,31,0.355,10,24,0.417,27,76,0.355,0,6,0,337,40,116,261,0.444,48,138,0.348,57,73,0.781
201952,Jeff Teague,1610612737,ATL,32,94,165,0.57,61,166,0.367,15,41,0.366,1,4,0.25,4,7,0.571,38,106,0.358,0,0,0,641,59,213,489,0.436,43,117,0.368,172,197,0.873
203924,Jerami Grant,1610612743,DEN,26,131,198,0.662,19,75,0.253,26,67,0.388,5,28,0.179,19,42,0.452,63,147,0.429,0,1,0,742,64,263,558,0.471,88,220,0.4,128,172,0.744
1629725,Jeremiah Martin,1610612751,BKN,24,1,2,0.5,0,0,0,0,2,0,0,1,0,0,0,0,0,0,0,0,0,0,2,3,1,5,0.2,0,1,0,0,0,0
203087,Jeremy Lamb,1610612754,IND,28,64,108,0.593,34,76,0.447,65,137,0.474,4,13,0.308,6,14,0.429,43,130,0.331,0,1,0,577,46,216,479,0.451,53,158,0.335,92,110,0.836
202951,Jeremy Pargo,1610612744,GSW,34,5,6,0.833,2,6,0.333,1,3,0.333,0,0,0,0,0,0,3,7,0.429,0,0,0,25,3,11,22,0.5,3,7,0.429,0,1,0
1629010,Jerome Robinson,1610612764,WAS,23,20,36,0.556,5,25,0.2,19,51,0.373,5,23,0.217,3,12,0.25,23,69,0.333,0,0,0,201,55,75,216,0.347,31,104,0.298,20,29,0.69
1628975,Jevon Carter,1610612756,PHX,24,18,38,0.474,2,13,0.154,16,37,0.432,5,21,0.238,9,16,0.563,32,78,0.41,0,2,0,231,50,82,205,0.4,46,117,0.393,21,25,0.84
202710,Jimmy Butler,1610612748,MIA,30,174,273,0.637,76,175,0.434,49,158,0.31,2,7,0.286,4,19,0.211,23,86,0.267,0,4,0,1093,54,328,722,0.454,29,117,0.248,408,490,0.833
1629147,Joe Chealey,1610612766,CHA,24,0,1,0,0,2,0,0,0,0,0,1,0,0,2,0,0,1,0,0,0,0,2,4,0,7,0,0,4,0,2,2,1
203925,Joe Harris,1610612751,BKN,28,141,229,0.616,23,68,0.338,16,39,0.41,23,34,0.676,10,31,0.323,119,304,0.391,0,0,0,878,63,332,705,0.471,152,369,0.412,62,83,0.747
204060,Joe Ingles,1610612762,UTA,32,60,94,0.638,25,64,0.391,11,27,0.407,10,30,0.333,13,36,0.361,99,242,0.409,0,1,0,624,64,218,494,0.441,123,310,0.397,65,84,0.774
203954,Joel Embiid,1610612755,PHI,26,140,202,0.693,50,128,0.391,86,210,0.41,2,3,0.667,0,4,0,54,152,0.355,0,2,0,1031,44,332,701,0.474,56,161,0.348,311,382,0.814
1628381,John Collins,1610612737,ATL,22,237,318,0.745,40,95,0.421,17,45,0.378,4,8,0.5,3,11,0.273,52,127,0.409,0,1,0,885,41,353,605,0.583,59,147,0.401,120,150,0.8
203089,John Henson,1610612765,DET,29,65,88,0.739,21,44,0.477,1,3,0.333,3,8,0.375,1,3,0.333,4,24,0.167,0,1,0,221,40,95,171,0.556,8,36,0.222,23,46,0.5
1629723,John Konchar,1610612763,MEM,24,16,22,0.727,2,3,0.667,1,1,1,0,3,0,0,1,0,4,5,0.8,0,0,0,51,15,23,35,0.657,4,9,0.444,1,2,0.5
1628405,Johnathan Motley,1610612746,LAC,25,10,11,0.909,0,3,0,0,0,0,0,0,0,0,0,0,1,1,1,0,0,0,28,13,11,15,0.733,1,1,1,5,7,0.714
1629140,Johnathan Williams,1610612764,WAS,25,11,12,0.917,3,6,0.5,2,5,0.4,0,0,0,0,1,0,0,0,0,0,1,0,35,11,16,25,0.64,0,2,0,3,5,0.6
1628413,Jonah Bolden,1610612756,PHX,24,4,7,0.571,0,0,0,0,0,0,0,1,0,0,1,0,0,2,0,0,0,0,10,7,4,11,0.364,0,4,0,2,4,0.5
202685,Jonas Valanciunas,1610612763,MEM,28,225,311,0.723,116,220,0.527,15,47,0.319,2,4,0.5,1,6,0.167,26,68,0.382,0,1,0,922,62,385,657,0.586,29,79,0.367,123,168,0.732
1628371,Jonathan Isaac,1610612753,ORL,22,81,129,0.628,16,40,0.4,22,62,0.355,8,18,0.444,3,7,0.429,19,66,0.288,0,0,0,384,32,149,322,0.463,30,91,0.33,56,73,0.767
1628395,Jordan Bell,1610612763,MEM,25,28,43,0.651,3,10,0.3,0,2,0,0,1,0,4,7,0.571,0,4,0,0,0,0,93,29,35,67,0.522,4,12,0.333,19,31,0.613
1629648,Jordan Bone,1610612765,DET,22,1,1,1,1,5,0.2,1,4,0.25,0,1,0,0,0,0,2,9,0.222,0,0,0,12,10,5,20,0.25,2,10,0.2,0,0,0
203903,Jordan Clarkson,1610612762,UTA,28,124,184,0.674,80,168,0.476,16,48,0.333,26,53,0.491,13,37,0.351,91,263,0.346,0,0,0,952,63,350,753,0.465,130,353,0.368,122,145,0.841
1629162,Jordan McLaughlin,1610612750,MIN,24,50,82,0.61,6,15,0.4,2,5,0.4,2,6,0.333,2,4,0.5,25,62,0.403,0,4,0,229,30,87,178,0.489,29,76,0.382,26,39,0.667
203895,Jordan McRae,1610612765,DET,29,51,89,0.573,21,62,0.339,32,89,0.36,10,19,0.526,1,5,0.2,34,100,0.34,0,2,0,426,37,149,366,0.407,45,126,0.357,83,109,0.761
1629673,Jordan Poole,1610612744,GSW,21,39,81,0.481,20,57,0.351,34,99,0.343,6,22,0.273,6,15,0.4,62,226,0.274,0,2,0,503,57,167,502,0.333,74,265,0.279,95,119,0.798
1627982,Josh Gray,1610612740,NOP,26,1,2,0.5,0,0,0,0,0,0,0,0,0,0,0,0,0,0,0,NA,NA,NA,2,2,1,2,0.5,0,0,0,0,0,0
1628404,Josh Hart,1610612740,NOP,25,78,118,0.661,9,22,0.409,2,16,0.125,17,44,0.386,22,48,0.458,72,233,0.309,0,0,0,579,57,200,481,0.416,111,325,0.342,68,91,0.747
1628367,Josh Jackson,1610612763,MEM,23,34,49,0.694,8,25,0.32,3,9,0.333,3,19,0.158,5,6,0.833,15,46,0.326,0,1,0,188,18,68,155,0.439,23,72,0.319,29,44,0.659
203705,Josh Magette,1610612753,ORL,30,2,2,1,2,4,0.5,0,5,0,0,0,0,0,0,0,1,4,0.25,0,0,0,12,8,5,15,0.333,1,4,0.25,1,2,0.5
1629006,Josh Okogie,1610612750,MIN,21,111,180,0.617,17,59,0.288,1,5,0.2,8,20,0.4,8,28,0.286,25,106,0.236,0,0,0,533,62,170,398,0.427,41,154,0.266,152,191,0.796
1629729,Josh Reaves,1610612742,DAL,23,0,0,0,0,1,0,0,0,0,NA,NA,NA,0,0,0,0,0,0,0,0,0,0,2,0,1,0,0,0,0,0,0,0
1626196,Josh Richardson,1610612755,PHI,26,65,108,0.602,44,116,0.379,67,136,0.493,8,21,0.381,1,8,0.125,61,185,0.33,0,0,0,663,48,246,574,0.429,70,214,0.327,101,128,0.789
201950,Jrue Holiday,1610612740,NOP,30,216,362,0.597,69,178,0.388,21,69,0.304,11,29,0.379,9,21,0.429,95,270,0.352,0,2,0,1076,55,421,931,0.452,115,322,0.357,119,170,0.7
1629308,Juan Toscano-Anderson,1610612744,GSW,27,20,32,0.625,1,5,0.2,0,3,0,3,4,0.75,0,4,0,5,15,0.333,0,0,0,69,13,29,63,0.46,8,23,0.348,3,5,0.6
1627823,Juancho Hernangomez,1610612750,MIN,24,53,97,0.546,2,17,0.118,1,4,0.25,4,8,0.5,6,22,0.273,34,98,0.347,0,1,0,288,48,100,247,0.405,44,129,0.341,44,71,0.62
203944,Julius Randle,1610612752,NYK,25,248,414,0.599,96,221,0.434,56,142,0.394,8,26,0.308,7,15,0.467,48,188,0.255,0,0,0,1248,64,463,1006,0.46,64,231,0.277,258,352,0.733
1626147,Justin Anderson,1610612751,BKN,26,1,3,0.333,0,0,0,0,0,0,0,0,0,0,1,0,0,2,0,0,0,0,3,3,1,6,0.167,0,3,0,1,2,0.5
203200,Justin Holiday,1610612754,IND,31,49,88,0.557,4,18,0.222,16,39,0.41,20,54,0.37,29,60,0.483,72,170,0.424,0,3,0,548,65,190,432,0.44,122,288,0.424,46,59,0.78
1628382,Justin Jackson,1610612742,DAL,25,41,69,0.594,32,63,0.508,6,28,0.214,4,17,0.235,5,20,0.25,36,114,0.316,0,0,0,329,58,124,311,0.399,45,151,0.298,36,44,0.818
1629713,Justin James,1610612758,SAC,23,13,24,0.542,6,13,0.462,5,15,0.333,2,6,0.333,2,3,0.667,5,16,0.313,0,1,0,85,34,33,78,0.423,9,26,0.346,10,21,0.476
1628383,Justin Patton,1610612760,OKC,23,1,3,0.333,2,2,1,0,1,0,0,1,0,0,1,0,1,2,0.5,0,0,0,9,5,4,10,0.4,1,4,0.25,0,0,0
1629620,Justin Robinson,1610612764,WAS,22,0,0,0,1,1,1,1,6,0.167,0,0,0,0,0,0,3,5,0.6,0,0,0,13,9,5,12,0.417,3,5,0.6,0,0,0
1629625,Justin Wright-Foreman,1610612762,UTA,22,NA,NA,NA,0,0,0,NA,NA,NA,NA,NA,NA,NA,NA,NA,0,0,0,NA,NA,NA,0,1,0,0,0,0,0,0,0,0,0
1626159,Justise Winslow,1610612763,MEM,24,26,46,0.565,12,40,0.3,6,16,0.375,0,6,0,1,2,0.5,5,19,0.263,0,0,0,124,11,50,129,0.388,6,27,0.222,18,27,0.667
1629752,Juwan Morgan,1610612762,UTA,23,7,11,0.636,1,1,1,0,0,0,0,2,0,0,1,0,1,2,0.5,0,0,0,19,16,9,17,0.529,1,5,0.2,0,0,0
1629644,KZ Okpala,1610612748,MIA,21,3,3,1,0,1,0,0,0,0,0,0,0,0,1,0,0,0,0,0,0,0,7,5,3,5,0.6,0,1,0,1,2,0.5
1628443,Kadeem Allen,1610612752,NYK,27,4,8,0.5,6,12,0.5,4,8,0.5,1,2,0.5,1,3,0.333,3,11,0.273,0,0,0,50,10,19,44,0.432,5,16,0.313,7,11,0.636
1626157,Karl-Anthony Towns,1610612750,MIN,24,158,223,0.709,31,77,0.403,13,45,0.289,8,22,0.364,5,7,0.714,101,248,0.407,0,0,0,926,35,316,622,0.508,114,277,0.412,180,226,0.796
202695,Kawhi Leonard,1610612746,LAC,28,129,203,0.635,117,240,0.488,124,282,0.44,5,8,0.625,4,9,0.444,97,274,0.354,0,0,0,1370,51,476,1016,0.469,107,292,0.366,311,350,0.889
1628966,Keita Bates-Diop,1610612743,DEN,24,52,79,0.658,5,29,0.172,1,6,0.167,9,17,0.529,7,21,0.333,15,56,0.268,0,0,0,258,39,89,208,0.428,31,94,0.33,49,69,0.71
1629103,Kelan Martin,1610612750,MIN,24,25,36,0.694,15,34,0.441,6,15,0.4,6,18,0.333,6,20,0.3,12,57,0.211,1,1,1,197,31,71,181,0.392,25,96,0.26,30,31,0.968
1629640,Keldon Johnson,1610612759,SAS,20,10,15,0.667,3,9,0.333,1,2,0.5,1,3,0.333,0,0,0,1,2,0.5,0,0,0,41,9,16,31,0.516,2,5,0.4,7,10,0.7
203482,Kelly Olynyk,1610612748,MIA,29,50,75,0.667,12,32,0.375,9,25,0.36,5,13,0.385,6,18,0.333,69,153,0.451,0,1,0,452,59,151,317,0.476,80,185,0.432,70,82,0.854
1626162,Kelly Oubre Jr.,1610612756,PHX,24,173,303,0.571,60,140,0.429,32,76,0.421,9,34,0.265,21,57,0.368,78,215,0.363,0,1,0,1046,56,373,826,0.452,108,307,0.352,192,246,0.78
202689,Kemba Walker,1610612738,BOS,30,111,199,0.558,24,90,0.267,50,105,0.476,4,13,0.308,2,7,0.286,159,414,0.384,0,4,0,1060,50,350,832,0.421,165,438,0.377,195,225,0.867
1629134,Kendrick Nunn,1610612748,MIA,24,119,199,0.598,53,125,0.424,78,164,0.476,19,54,0.352,11,32,0.344,101,276,0.366,0,0,0,970,62,381,850,0.448,131,362,0.362,77,92,0.837
1629026,Kenrich Williams,1610612740,NOP,25,20,36,0.556,3,7,0.429,1,4,0.25,8,23,0.348,8,21,0.381,9,50,0.18,0,2,0,132,35,49,143,0.343,25,96,0.26,9,24,0.375
203145,Kent Bazemore,1610612758,SAC,30,73,159,0.459,18,49,0.367,17,60,0.283,14,49,0.286,17,55,0.309,46,118,0.39,0,5,0,557,64,185,495,0.374,78,228,0.342,109,142,0.768
203484,Kentavious Caldwell-Pope,1610612747,LAL,27,85,129,0.659,12,34,0.353,37,83,0.446,19,42,0.452,17,44,0.386,50,133,0.376,0,1,0,601,63,220,466,0.472,87,221,0.394,74,95,0.779
1628987,Kevin Hervey,1610612760,OKC,23,1,1,1,0,1,0,0,1,0,0,1,0,0,0,0,0,7,0,0,0,0,2,7,1,11,0.091,0,8,0,0,0,0
1628989,Kevin Huerter,1610612737,ATL,21,55,97,0.567,45,104,0.433,25,75,0.333,16,31,0.516,11,30,0.367,100,272,0.368,0,1,0,684,56,252,610,0.413,127,334,0.38,53,64,0.828
1628995,Kevin Knox II,1610612752,NYK,20,47,91,0.516,15,51,0.294,17,60,0.283,6,29,0.207,7,22,0.318,52,147,0.354,0,1,0,419,65,144,401,0.359,65,199,0.327,66,101,0.653
201567,Kevin Love,1610612739,CLE,31,69,118,0.585,34,69,0.493,78,150,0.52,20,43,0.465,8,17,0.471,118,330,0.358,0,0,0,987,56,327,727,0.45,146,390,0.374,187,219,0.854
1629645,Kevin Porter Jr.,1610612739,CLE,20,92,134,0.687,20,57,0.351,21,72,0.292,5,15,0.333,9,20,0.45,39,122,0.32,0,1,0,498,50,186,421,0.442,53,158,0.335,73,101,0.723
1626172,Kevon Looney,1610612744,GSW,24,24,37,0.649,2,15,0.133,2,13,0.154,0,1,0,1,5,0.2,0,7,0,0,1,0,68,20,29,79,0.367,1,14,0.071,9,12,0.75
203920,Khem Birch,1610612753,ORL,27,40,59,0.678,15,48,0.313,1,7,0.143,0,1,0,0,0,0,0,0,0,0,0,0,153,40,56,115,0.487,0,1,0,41,67,0.612
203114,Khris Middleton,1610612749,MIL,28,78,124,0.629,74,142,0.521,139,266,0.523,13,22,0.591,13,27,0.481,107,268,0.399,0,1,0,1159,55,424,850,0.499,133,318,0.418,178,196,0.908
1629017,Khyri Thomas,1610612765,DET,24,0,1,0,0,0,0,1,4,0.25,0,0,0,1,3,0.333,3,9,0.333,0,0,0,17,8,5,17,0.294,5,14,0.357,2,4,0.5
1628961,Kostas Antetokounmpo,1610612747,LAL,22,0,0,0,0,0,0,0,0,0,0,0,0,NA,NA,NA,0,0,0,NA,NA,NA,0,3,0,0,0,0,0,0,0,0,0
1627739,Kris Dunn,1610612741,CHI,26,93,144,0.646,27,68,0.397,3,18,0.167,4,17,0.235,4,13,0.308,21,81,0.259,0,1,0,373,51,152,342,0.444,29,112,0.259,40,54,0.741
204001,Kristaps Porzingis,1610612742,DAL,24,112,166,0.675,43,120,0.358,58,161,0.36,1,7,0.143,4,8,0.5,121,344,0.352,0,2,0,981,51,339,808,0.42,126,361,0.349,177,228,0.776
1629065,Ky Bowman,1610612744,GSW,23,49,80,0.613,21,61,0.344,31,73,0.425,10,17,0.588,2,10,0.2,21,79,0.266,0,1,0,335,45,134,321,0.417,33,107,0.308,34,41,0.829
203937,Kyle Anderson,1610612763,MEM,26,57,91,0.626,41,80,0.513,24,46,0.522,9,23,0.391,1,17,0.059,6,22,0.273,0,1,0,335,59,138,280,0.493,16,62,0.258,43,66,0.652
1629657,Kyle Guy,1610612758,SAC,22,0,0,0,0,0,0,1,1,1,NA,NA,NA,0,1,0,0,0,0,0,0,0,2,2,1,2,0.5,0,1,0,0,0,0
2594,Kyle Korver,1610612749,MIL,39,4,10,0.4,4,9,0.444,17,33,0.515,12,26,0.462,11,26,0.423,63,155,0.406,0,0,0,336,50,111,259,0.429,86,207,0.415,28,34,0.824
1628398,Kyle Kuzma,1610612747,LAL,24,102,141,0.723,52,128,0.406,30,83,0.361,10,26,0.385,16,26,0.615,44,182,0.242,0,2,0,674,54,254,588,0.432,70,236,0.297,96,130,0.738
200768,Kyle Lowry,1610612761,TOR,34,103,175,0.589,25,63,0.397,28,71,0.394,10,23,0.435,2,16,0.125,141,388,0.363,0,5,0,1026,52,309,741,0.417,153,432,0.354,255,296,0.861
203124,Kyle O'Quinn,1610612755,PHI,30,19,30,0.633,1,3,0.333,8,16,0.5,0,2,0,0,3,0,7,18,0.389,0,0,0,87,26,35,72,0.486,7,23,0.304,10,19,0.526
202681,Kyrie Irving,1610612751,BKN,28,62,95,0.653,43,95,0.453,38,84,0.452,3,5,0.6,5,10,0.5,48,127,0.378,0,0,0,548,20,199,416,0.478,56,142,0.394,94,102,0.922
200746,LaMarcus Aldridge,1610612759,SAS,34,128,185,0.692,44,99,0.444,158,352,0.449,10,21,0.476,1,8,0.125,50,127,0.394,0,1,0,1001,53,391,793,0.493,61,157,0.389,158,191,0.827
1629013,Landry Shamet,1610612746,LAC,23,29,45,0.644,8,23,0.348,4,16,0.25,14,38,0.368,17,36,0.472,74,193,0.383,0,0,0,454,47,146,351,0.416,105,268,0.392,57,63,0.905
204038,Langston Galloway,1610612765,DET,28,47,74,0.635,31,77,0.403,26,61,0.426,38,60,0.633,31,71,0.437,63,198,0.318,0,1,0,677,66,236,542,0.435,132,331,0.399,73,85,0.859
1626204,Larry Nance Jr.,1610612739,CLE,27,131,177,0.74,21,47,0.447,21,49,0.429,7,21,0.333,11,24,0.458,38,111,0.342,0,2,0,564,56,229,431,0.531,56,159,0.352,50,74,0.676
1628374,Lauri Markkanen,1610612741,CHI,23,112,176,0.636,24,77,0.312,6,21,0.286,12,26,0.462,9,22,0.409,88,268,0.328,0,1,0,737,50,251,591,0.425,109,317,0.344,126,153,0.824
2544,LeBron James,1610612747,LAL,35,345,501,0.689,42,113,0.372,65,181,0.359,5,10,0.5,4,13,0.308,125,357,0.35,0,1,0,1544,60,586,1176,0.498,133,381,0.349,239,343,0.697
1629022,Lonnie Walker IV,1610612759,SAS,21,55,99,0.556,13,47,0.277,19,50,0.38,4,13,0.308,5,9,0.556,20,48,0.417,0,1,0,299,53,116,267,0.434,29,71,0.408,38,53,0.717
1628366,Lonzo Ball,1610612740,NOP,22,89,147,0.605,11,47,0.234,21,72,0.292,15,42,0.357,17,43,0.395,106,275,0.385,0,2,0,695,56,259,628,0.412,139,363,0.383,38,67,0.567
101150,Lou Williams,1610612746,LAC,33,111,203,0.547,62,157,0.395,88,229,0.384,13,43,0.302,11,24,0.458,82,226,0.363,0,1,0,1119,60,367,883,0.416,107,295,0.363,278,322,0.863
1629663,Louis King,1610612765,DET,21,2,4,0.5,1,3,0.333,1,3,0.333,2,3,0.667,1,1,1,1,7,0.143,0,0,0,20,10,8,21,0.381,4,11,0.364,0,3,0
1629652,Luguentz Dort,1610612760,OKC,21,38,63,0.603,5,19,0.263,0,3,0,5,12,0.417,6,23,0.261,11,37,0.297,0,0,0,180,29,65,157,0.414,22,73,0.301,28,36,0.778
1629029,Luka Doncic,1610612742,DAL,21,236,324,0.728,101,242,0.417,19,54,0.352,3,10,0.3,0,2,0,153,471,0.325,0,8,0,1549,54,512,1111,0.461,156,491,0.318,369,491,0.752
1629677,Luka Samanic,1610612759,SAS,20,0,1,0,0,1,0,0,0,0,0,0,0,NA,NA,NA,0,2,0,0,0,0,0,1,0,4,0,0,2,0,0,0,0
1628379,Luke Kennard,1610612765,DET,23,33,49,0.673,21,54,0.389,25,58,0.431,6,13,0.462,7,22,0.318,59,146,0.404,0,0,0,442,28,151,342,0.442,73,183,0.399,67,75,0.893
1628436,Luke Kornet,1610612741,CHI,24,42,58,0.724,7,15,0.467,2,6,0.333,2,15,0.133,2,10,0.2,27,83,0.325,0,0,0,215,36,82,187,0.439,31,108,0.287,20,28,0.714
1627763,Malcolm Brogdon,1610612754,IND,27,118,233,0.506,27,67,0.403,83,164,0.506,0,5,0,5,12,0.417,56,178,0.315,0,0,0,784,48,289,659,0.439,61,195,0.313,145,162,0.895
1626259,Malcolm Miller,1610612761,TOR,27,1,3,0.333,1,2,0.5,0,0,0,3,3,1,1,4,0.25,2,12,0.167,0,0,0,23,25,8,24,0.333,6,19,0.316,1,6,0.167
1627736,Malik Beasley,1610612750,MIN,23,69,117,0.59,21,74,0.284,30,67,0.448,15,33,0.455,10,25,0.4,82,217,0.378,0,1,0,615,55,227,534,0.425,107,276,0.388,54,66,0.818
1628370,Malik Monk,1610612766,CHA,22,104,165,0.63,42,90,0.467,8,29,0.276,6,22,0.273,3,15,0.2,49,162,0.302,0,5,0,564,55,212,488,0.434,58,204,0.284,82,100,0.82
1629005,Malik Newman,1610612739,CLE,23,0,0,0,0,0,0,0,1,0,0,0,0,0,0,0,0,1,0,NA,NA,NA,2,1,0,2,0,0,1,0,2,2,1
201188,Marc Gasol,1610612761,TOR,35,24,42,0.571,20,44,0.455,4,23,0.174,3,5,0.6,3,7,0.429,45,115,0.391,0,0,0,275,36,99,236,0.419,51,127,0.402,26,36,0.722
201158,Marco Belinelli,1610612759,SAS,34,14,24,0.583,4,16,0.25,31,76,0.408,4,16,0.25,9,19,0.474,44,120,0.367,0,0,0,301,52,106,271,0.391,57,155,0.368,32,41,0.78
202694,Marcus Morris Sr.,1610612746,LAC,30,39,78,0.5,48,113,0.425,105,235,0.447,23,57,0.404,9,18,0.5,101,245,0.412,0,4,0,955,55,325,750,0.433,133,324,0.41,172,209,0.823
203935,Marcus Smart,1610612738,BOS,26,39,85,0.459,57,125,0.456,16,53,0.302,15,43,0.349,5,17,0.294,108,304,0.355,0,5,0,714,53,240,632,0.38,128,368,0.348,106,127,0.835
1629621,Marial Shayok,1610612755,PHI,24,0,1,0,0,0,0,0,1,0,0,1,0,0,1,0,1,1,1,0,0,0,3,2,1,5,0.2,1,3,0.333,0,0,0
1626209,Mario Hezonja,1610612757,POR,25,39,76,0.513,14,26,0.538,7,23,0.304,1,4,0.25,2,7,0.286,18,52,0.346,0,1,0,225,47,81,189,0.429,21,64,0.328,42,51,0.824
1628365,Markelle Fultz,1610612753,ORL,22,177,284,0.623,52,132,0.394,61,142,0.43,3,13,0.231,2,5,0.4,25,94,0.266,0,6,0,772,64,320,676,0.473,30,118,0.254,102,141,0.723
202693,Markieff Morris,1610612747,LAL,30,63,100,0.63,21,55,0.382,24,60,0.4,15,36,0.417,10,27,0.37,56,144,0.389,0,3,0,524,52,189,425,0.445,81,210,0.386,65,83,0.783
1629741,Marko Guduric,1610612763,MEM,25,26,43,0.605,4,15,0.267,6,15,0.4,4,8,0.5,5,14,0.357,16,59,0.271,0,0,0,170,42,61,154,0.396,25,81,0.309,23,25,0.92
1629716,Marques Bolden,1610612739,CLE,22,0,0,0,0,0,0,0,0,0,NA,NA,NA,NA,NA,NA,0,0,0,NA,NA,NA,0,1,0,0,0,0,0,0,0,0,0
1627737,Marquese Chriss,1610612744,GSW,22,171,266,0.643,26,64,0.406,5,16,0.313,2,4,0.5,0,1,0,6,33,0.182,0,1,0,548,59,210,385,0.545,8,39,0.205,120,156,0.769
1628963,Marvin Bagley III,1610612758,SAC,21,51,79,0.646,14,45,0.311,9,21,0.429,0,0,0,0,1,0,4,21,0.19,0,0,0,185,13,78,167,0.467,4,22,0.182,25,31,0.806
101107,Marvin Williams,1610612749,MIL,34,32,40,0.8,22,48,0.458,4,17,0.235,14,34,0.412,10,20,0.5,28,89,0.315,0,1,0,319,52,110,249,0.442,52,144,0.361,47,54,0.87
203486,Mason Plumlee,1610612743,DEN,30,140,186,0.753,11,46,0.239,2,12,0.167,0,2,0,0,0,0,0,2,0,0,0,0,380,53,153,248,0.617,0,4,0,74,138,0.536
1629680,Matisse Thybulle,1610612755,PHI,23,41,70,0.586,4,12,0.333,1,10,0.1,12,25,0.48,9,22,0.409,29,94,0.309,0,1,0,267,57,96,234,0.41,50,142,0.352,25,41,0.61
1629760,Matt Mooney,1610612739,CLE,23,0,0,0,0,0,0,1,2,0.5,0,0,0,0,1,0,0,1,0,0,0,0,2,4,1,4,0.25,0,2,0,0,0,0
1629744,Matt Thomas,1610612761,TOR,25,3,7,0.429,4,7,0.571,13,23,0.565,8,13,0.615,5,10,0.5,21,51,0.412,0,0,0,150,33,54,111,0.486,35,75,0.467,7,10,0.7
203521,Matthew Dellavedova,1610612739,CLE,29,13,26,0.5,25,50,0.5,3,8,0.375,4,12,0.333,1,4,0.25,16,75,0.213,0,0,0,177,57,62,175,0.354,21,91,0.231,32,37,0.865
203090,Maurice Harkless,1610612752,NYK,27,102,163,0.626,2,12,0.167,5,11,0.455,13,33,0.394,7,22,0.318,13,42,0.31,0,0,0,357,62,142,283,0.502,34,98,0.347,39,66,0.591
1629622,Max Strus,1610612741,CHI,24,2,2,1,0,0,0,0,0,0,0,0,0,0,0,0,0,1,0,0,0,0,5,2,2,3,0.667,0,1,0,1,1,1
1628467,Maxi Kleber,1610612742,DAL,28,94,142,0.662,7,25,0.28,6,15,0.4,17,44,0.386,23,66,0.348,67,174,0.385,0,0,0,604,66,214,466,0.459,107,286,0.374,69,80,0.863
1628982,Melvin Frazier Jr.,1610612753,ORL,23,1,3,0.333,0,2,0,1,5,0.2,2,3,0.667,0,0,0,2,4,0.5,0,0,0,18,15,6,17,0.353,4,7,0.571,2,4,0.5
203086,Meyers Leonard,1610612748,MIA,28,49,62,0.79,14,32,0.438,2,10,0.2,4,12,0.333,4,8,0.5,43,99,0.434,0,0,0,300,49,116,223,0.52,51,119,0.429,17,26,0.654
1629662,Mfiondu Kabengele,1610612746,LAC,22,5,7,0.714,0,3,0,0,2,0,3,3,1,0,1,0,6,16,0.375,0,0,0,42,12,14,32,0.438,9,20,0.45,5,5,1
203487,Michael Carter-Williams,1610612753,ORL,28,59,104,0.567,21,55,0.382,5,15,0.333,5,13,0.385,1,7,0.143,14,48,0.292,0,0,0,302,42,105,242,0.434,20,68,0.294,72,87,0.828
1626187,Michael Frazier,1610612745,HOU,26,2,3,0.667,0,0,0,0,0,0,0,0,0,1,2,0.5,1,6,0.167,0,0,0,14,8,4,11,0.364,2,8,0.25,4,6,0.667
203077,Michael Kidd-Gilchrist,1610612742,DAL,26,7,15,0.467,7,19,0.368,0,6,0,1,2,0.5,2,5,0.4,2,13,0.154,0,0,0,52,21,19,60,0.317,5,20,0.25,9,11,0.818
1629008,Michael Porter Jr.,1610612743,DEN,21,71,111,0.64,11,32,0.344,16,40,0.4,10,16,0.625,2,6,0.333,31,79,0.392,0,1,0,358,48,141,285,0.495,43,102,0.422,33,43,0.767
1628969,Mikal Bridges,1610612756,PHX,23,126,174,0.724,16,44,0.364,12,30,0.4,12,28,0.429,19,48,0.396,25,82,0.305,0,1,0,565,65,210,407,0.516,56,159,0.352,89,105,0.848
201144,Mike Conley,1610612762,UTA,32,48,84,0.571,45,131,0.344,24,58,0.414,9,17,0.529,13,30,0.433,57,164,0.348,1,2,0.5,567,41,197,486,0.405,80,213,0.376,93,117,0.795
203488,Mike Muscala,1610612760,OKC,28,16,26,0.615,1,6,0.167,4,7,0.571,4,13,0.308,3,6,0.5,36,101,0.356,0,0,0,189,41,64,159,0.403,43,120,0.358,18,22,0.818
203118,Mike Scott,1610612755,PHI,31,35,63,0.556,13,26,0.5,9,27,0.333,8,21,0.381,7,31,0.226,58,150,0.387,0,1,0,358,63,130,319,0.408,73,204,0.358,25,30,0.833
1628970,Miles Bridges,1610612766,CHA,22,165,276,0.598,41,137,0.299,14,40,0.35,20,50,0.4,21,61,0.344,58,185,0.314,0,4,0,843,65,319,753,0.424,99,300,0.33,106,131,0.809
1629011,Mitchell Robinson,1610612752,NYK,22,248,328,0.756,4,11,0.364,1,2,0.5,0,0,0,0,0,0,0,0,0,0,0,0,590,61,253,341,0.742,0,0,0,84,148,0.568
1629671,Miye Oni,1610612762,UTA,22,0,0,0,0,0,0,0,1,0,0,1,0,0,0,0,0,0,0,0,0,0,0,5,0,2,0,0,1,0,0,0,0
1628964,Mo Bamba,1610612753,ORL,22,82,127,0.646,5,28,0.179,8,24,0.333,1,7,0.143,2,7,0.286,34,89,0.382,0,0,0,332,60,132,282,0.468,37,104,0.356,31,46,0.674
1628420,Monte Morris,1610612743,DEN,24,74,112,0.661,40,114,0.351,54,114,0.474,13,35,0.371,9,20,0.45,32,89,0.36,0,0,0,549,65,222,484,0.459,54,144,0.375,51,62,0.823
1626149,Montrezl Harrell,1610612746,LAC,26,393,580,0.678,74,185,0.4,4,29,0.138,0,0,0,0,0,0,0,12,0,0,6,0,1173,63,471,812,0.58,0,18,0,231,351,0.658
1629021,Moritz Wagner,1610612764,WAS,23,100,133,0.752,7,23,0.304,1,5,0.2,3,4,0.75,1,6,0.167,19,57,0.333,0,0,0,352,37,131,228,0.575,23,67,0.343,67,82,0.817
1629650,Moses Brown,1610612757,POR,20,3,8,0.375,1,2,0.5,0,0,0,0,0,0,0,0,0,0,0,0,0,0,0,11,9,4,10,0.4,0,0,0,3,8,0.375
1628539,Mychal Mulder,1610612744,GSW,26,5,8,0.625,3,5,0.6,2,3,0.667,6,10,0.6,3,6,0.5,7,35,0.2,0,0,0,77,7,26,67,0.388,16,52,0.308,9,12,0.75
1626167,Myles Turner,1610612754,IND,24,86,129,0.667,35,66,0.53,35,93,0.376,5,18,0.278,7,18,0.389,65,192,0.339,0,1,0,651,55,233,517,0.451,77,229,0.336,108,144,0.75
1629642,Nassir Little,1610612757,POR,20,44,69,0.638,6,17,0.353,1,6,0.167,3,12,0.25,1,13,0.077,10,34,0.294,0,0,0,172,48,65,151,0.43,14,59,0.237,28,44,0.636
1628513,Naz Mitrou-Long,1610612754,IND,26,1,1,1,3,4,0.75,0,0,0,0,0,0,1,2,0.5,1,8,0.125,0,1,0,14,3,6,16,0.375,2,11,0.182,0,0,0
1629675,Naz Reid,1610612750,MIN,20,58,98,0.592,10,45,0.222,0,3,0,5,9,0.556,2,6,0.333,25,82,0.305,0,0,0,269,30,100,243,0.412,32,97,0.33,37,53,0.698
202357,Nemanja Bjelica,1610612758,SAC,32,107,186,0.575,45,89,0.506,10,34,0.294,13,25,0.52,13,23,0.565,99,247,0.401,0,0,0,759,64,287,604,0.475,125,295,0.424,60,73,0.822
203457,Nerlens Noel,1610612760,OKC,26,140,166,0.843,24,56,0.429,9,29,0.31,1,1,1,0,1,0,0,0,0,0,1,0,424,55,174,254,0.685,1,3,0.333,75,98,0.765
1629638,Nickeil Alexander-Walker,1610612740,NOP,21,24,61,0.393,9,33,0.273,4,16,0.25,3,10,0.3,5,12,0.417,32,92,0.348,0,3,0,211,41,77,227,0.339,40,117,0.342,17,28,0.607
201587,Nicolas Batum,1610612766,CHA,31,11,18,0.611,2,2,1,1,12,0.083,3,8,0.375,3,11,0.273,8,30,0.267,0,0,0,79,22,28,81,0.346,14,49,0.286,9,10,0.9
1629651,Nicolas Claxton,1610612751,BKN,21,21,29,0.724,4,10,0.4,1,2,0.5,0,2,0,0,2,0,1,3,0.333,0,0,0,66,15,27,48,0.563,1,7,0.143,11,21,0.524
1629740,Nicolo Melli,1610612740,NOP,29,34,47,0.723,13,29,0.448,11,22,0.5,6,23,0.261,9,23,0.391,50,132,0.379,0,2,0,355,52,123,278,0.442,65,180,0.361,44,60,0.733
1628430,Nigel Williams-Goss,1610612762,UTA,25,0,1,0,0,2,0,1,2,0.5,0,0,0,0,0,0,0,2,0,0,0,0,4,9,1,7,0.143,0,2,0,2,2,1
203999,Nikola Jokic,1610612743,DEN,25,193,278,0.694,156,258,0.605,92,206,0.447,3,5,0.6,2,5,0.4,66,215,0.307,0,2,0,1313,65,512,969,0.528,71,226,0.314,218,268,0.813
202696,Nikola Vucevic,1610612753,ORL,29,174,270,0.644,115,247,0.466,57,144,0.396,3,5,0.6,3,4,0.75,76,240,0.317,0,0,0,1052,54,428,910,0.47,82,249,0.329,114,146,0.781
203943,Noah Vonleh,1610612743,DEN,24,37,53,0.698,9,19,0.474,1,2,0.5,0,2,0,1,1,1,2,12,0.167,0,0,0,127,33,50,89,0.562,3,15,0.2,24,30,0.8
1626181,Norman Powell,1610612761,TOR,27,132,198,0.667,19,46,0.413,14,37,0.378,22,49,0.449,12,31,0.387,60,152,0.395,0,3,0,721,44,259,516,0.502,94,236,0.398,109,130,0.838
203658,Norvel Pelle,1610612755,PHI,27,17,30,0.567,1,5,0.2,0,0,0,0,0,0,0,0,0,0,0,0,0,0,0,42,20,18,35,0.514,0,0,0,6,12,0.5
1628384,OG Anunoby,1610612761,TOR,22,171,266,0.643,9,32,0.281,5,14,0.357,20,58,0.345,22,54,0.407,40,103,0.388,0,0,0,675,63,267,527,0.507,82,215,0.381,59,86,0.686
1629016,Omari Spellman,1610612750,MIN,22,52,96,0.542,12,33,0.364,20,56,0.357,8,14,0.571,3,6,0.5,32,90,0.356,0,0,0,370,49,127,295,0.431,43,110,0.391,73,92,0.793
1629052,Oshae Brissett,1610612761,TOR,22,10,16,0.625,0,3,0,0,2,0,1,4,0.25,1,5,0.2,1,6,0.167,0,0,0,37,19,13,36,0.361,3,15,0.2,8,10,0.8
203490,Otto Porter Jr.,1610612741,CHI,27,11,26,0.423,19,30,0.633,8,22,0.364,3,7,0.429,3,7,0.429,18,47,0.383,0,1,0,167,14,62,140,0.443,24,62,0.387,19,27,0.704
200782,P.J. Tucker,1610612745,HOU,35,42,67,0.627,16,31,0.516,9,19,0.474,41,94,0.436,39,106,0.368,15,57,0.263,0,0,0,456,64,162,374,0.433,95,257,0.37,37,44,0.841
1629023,P.J. Washington,1610612766,CHA,21,135,223,0.605,42,119,0.353,5,17,0.294,21,38,0.553,11,26,0.423,54,166,0.325,0,0,0,710,58,268,589,0.455,86,230,0.374,88,136,0.647
1628408,PJ Dozier,1610612743,DEN,23,13,22,0.591,6,20,0.3,10,21,0.476,0,0,0,0,3,0,7,22,0.318,0,3,0,86,21,36,91,0.396,7,28,0.25,7,11,0.636
1627783,Pascal Siakam,1610612761,TOR,26,229,353,0.649,70,187,0.374,45,140,0.321,13,41,0.317,16,39,0.41,86,240,0.358,0,0,0,1253,53,459,1000,0.459,115,320,0.359,220,275,0.8
1626192,Pat Connaughton,1610612749,MIL,27,72,104,0.692,3,13,0.231,0,7,0,1,4,0.25,5,12,0.417,38,121,0.314,0,0,0,309,61,119,261,0.456,44,137,0.321,27,36,0.75
201976,Patrick Beverley,1610612746,LAC,31,41,69,0.594,21,49,0.429,2,9,0.222,14,31,0.452,13,35,0.371,48,132,0.364,0,0,0,380,48,139,325,0.428,75,198,0.379,27,41,0.659
1627775,Patrick McCaw,1610612761,TOR,24,32,58,0.552,5,16,0.313,7,18,0.389,4,15,0.267,8,21,0.381,11,34,0.324,0,0,0,170,37,67,162,0.414,23,71,0.324,13,18,0.722
202335,Patrick Patterson,1610612746,LAC,31,12,22,0.545,6,13,0.462,3,11,0.273,12,24,0.5,11,33,0.333,32,84,0.381,0,1,0,234,51,76,188,0.404,55,142,0.387,27,34,0.794
201988,Patty Mills,1610612759,SAS,31,53,80,0.663,9,22,0.409,37,85,0.435,25,51,0.49,12,31,0.387,111,305,0.364,0,2,0,735,63,247,576,0.429,148,389,0.38,93,108,0.861
202331,Paul George,1610612746,LAC,30,71,115,0.617,34,83,0.41,53,143,0.371,16,28,0.571,16,29,0.552,101,274,0.369,0,2,0,880,42,291,674,0.432,133,333,0.399,165,187,0.882
200794,Paul Millsap,1610612743,DEN,35,95,150,0.633,27,79,0.342,18,49,0.367,5,11,0.455,9,21,0.429,34,77,0.442,0,0,0,529,44,188,387,0.486,48,109,0.44,105,126,0.833
1628778,Paul Watson,1610612761,TOR,25,0,0,0,0,3,0,0,1,0,0,1,0,0,0,0,0,3,0,0,0,0,1,5,0,8,0,0,4,0,1,2,0.5
1626188,Quinn Cook,1610612747,LAL,27,22,37,0.595,10,27,0.37,19,43,0.442,6,11,0.545,1,6,0.167,18,49,0.367,0,0,0,183,38,76,173,0.439,25,66,0.379,6,9,0.667
1629683,Quinndary Weatherspoon,1610612759,SAS,23,0,0,0,0,1,0,0,1,0,0,0,0,NA,NA,NA,0,1,0,0,0,0,0,3,0,3,0,0,1,0,0,0,0
1629628,RJ Barrett,1610612752,NYK,20,172,322,0.534,34,123,0.276,23,85,0.271,15,41,0.366,9,25,0.36,39,130,0.3,0,1,0,803,56,292,727,0.402,63,197,0.32,156,254,0.614
200765,Rajon Rondo,1610612747,LAL,34,69,123,0.561,14,45,0.311,13,35,0.371,3,12,0.25,6,14,0.429,32,99,0.323,0,0,0,342,48,137,328,0.418,41,125,0.328,27,41,0.659
203526,Raul Neto,1610612755,PHI,28,36,61,0.59,8,28,0.286,7,15,0.467,3,7,0.429,1,2,0.5,24,60,0.4,0,2,0,212,49,79,175,0.451,28,71,0.394,26,31,0.839
1629730,Rayjon Tucker,1610612762,UTA,22,5,6,0.833,2,6,0.333,1,1,1,0,1,0,0,0,0,0,5,0,0,0,0,19,14,8,19,0.421,0,6,0,3,5,0.6
203493,Reggie Bullock,1610612752,NYK,29,25,39,0.641,5,18,0.278,23,56,0.411,4,16,0.25,5,17,0.294,28,78,0.359,0,0,0,234,29,90,224,0.402,37,111,0.333,17,21,0.81
202704,Reggie Jackson,1610612746,LAC,30,32,56,0.571,22,61,0.361,8,27,0.296,5,8,0.625,3,10,0.3,37,95,0.389,0,0,0,294,23,107,257,0.416,45,113,0.398,35,43,0.814
1626158,Richaun Holmes,1610612758,SAC,26,148,202,0.733,52,97,0.536,10,22,0.455,0,0,0,0,0,0,0,0,0,0,0,0,500,39,210,321,0.654,0,0,0,80,100,0.8
201937,Ricky Rubio,1610612756,PHX,29,85,163,0.521,30,90,0.333,72,171,0.421,18,35,0.514,4,17,0.235,43,135,0.319,0,0,0,744,57,252,611,0.412,66,188,0.351,174,204,0.853
203496,Robert Covington,1610612745,HOU,29,102,162,0.63,21,41,0.512,9,21,0.429,8,26,0.308,13,30,0.433,127,364,0.349,0,4,0,794,62,280,648,0.432,148,424,0.349,86,108,0.796
1629057,Robert Williams III,1610612738,BOS,22,38,51,0.745,2,7,0.286,2,4,0.5,0,0,0,0,0,0,0,0,0,0,0,0,98,23,42,62,0.677,0,0,0,14,25,0.56
201577,Robin Lopez,1610612749,MIL,32,53,83,0.639,45,85,0.529,6,9,0.667,7,20,0.35,12,30,0.4,14,46,0.304,0,0,0,330,60,137,273,0.502,33,96,0.344,23,43,0.535
1629066,Rodions Kurucs,1610612751,BKN,22,34,54,0.63,1,12,0.083,0,3,0,4,9,0.444,1,5,0.2,20,51,0.392,0,0,0,162,39,60,134,0.448,25,65,0.385,17,28,0.607
203918,Rodney Hood,1610612757,POR,27,16,20,0.8,16,42,0.381,20,39,0.513,7,13,0.538,9,16,0.563,19,42,0.452,0,0,0,230,21,87,172,0.506,35,71,0.493,21,27,0.778
203585,Rodney McGruder,1610612746,LAC,28,19,33,0.576,19,39,0.487,1,5,0.2,4,18,0.222,5,25,0.2,13,36,0.361,0,0,0,159,50,61,156,0.391,22,79,0.278,15,28,0.536
1629641,Romeo Langford,1610612738,BOS,20,13,26,0.5,4,11,0.364,2,4,0.5,2,8,0.25,1,3,0.333,2,11,0.182,0,1,0,69,27,24,64,0.375,5,23,0.217,16,23,0.696
1626178,Rondae Hollis-Jefferson,1610612761,TOR,25,119,223,0.534,9,34,0.265,9,22,0.409,0,2,0,0,7,0,2,6,0.333,0,1,0,375,52,139,295,0.471,2,17,0.118,95,129,0.736
1626220,Royce O'Neale,1610612762,UTA,27,49,83,0.59,7,19,0.368,3,8,0.375,14,38,0.368,17,37,0.459,51,132,0.386,0,4,0,400,64,141,321,0.439,82,211,0.389,36,49,0.735
200752,Rudy Gay,1610612759,SAS,33,64,95,0.674,40,93,0.43,60,129,0.465,8,25,0.32,9,31,0.29,41,128,0.32,0,1,0,601,60,222,502,0.442,58,185,0.314,99,113,0.876
203497,Rudy Gobert,1610612762,UTA,27,337,452,0.746,16,52,0.308,0,2,0,0,0,0,0,0,0,0,0,0,0,0,0,934,62,353,506,0.698,0,0,0,228,367,0.621
1629060,Rui Hachimura,1610612764,WAS,22,129,195,0.662,27,81,0.333,42,108,0.389,3,11,0.273,4,12,0.333,13,46,0.283,0,3,0,548,41,218,456,0.478,20,73,0.274,92,111,0.829
201566,Russell Westbrook,1610612745,HOU,31,340,560,0.607,62,164,0.378,115,274,0.42,6,29,0.207,4,15,0.267,41,157,0.261,0,0,0,1456,53,568,1199,0.474,51,201,0.254,269,346,0.777
201583,Ryan Anderson,1610612745,HOU,32,0,1,0,0,0,0,1,1,1,0,0,0,0,0,0,1,5,0.2,0,0,0,5,2,2,7,0.286,1,5,0.2,0,0,0
1627853,Ryan Arcidiacono,1610612741,CHI,26,21,37,0.568,9,32,0.281,6,13,0.462,9,21,0.429,10,21,0.476,35,96,0.365,0,0,0,261,58,90,220,0.409,54,138,0.391,27,38,0.711
1629151,Ryan Broekhoff,1610612742,DAL,29,1,4,0.25,1,3,0.333,0,1,0,3,9,0.333,3,7,0.429,14,35,0.4,0,0,0,71,17,22,59,0.373,20,51,0.392,7,8,0.875
1629635,Sekou Doumbouya,1610612765,DET,19,53,96,0.552,8,31,0.258,3,11,0.273,5,22,0.227,6,15,0.4,17,61,0.279,0,0,0,243,38,92,236,0.39,28,98,0.286,31,46,0.674
1628400,Semi Ojeleye,1610612738,BOS,25,17,34,0.5,6,15,0.4,6,12,0.5,11,20,0.55,9,26,0.346,16,52,0.308,0,0,0,191,61,65,159,0.409,36,98,0.367,25,28,0.893
201586,Serge Ibaka,1610612761,TOR,30,129,177,0.729,75,162,0.463,53,118,0.449,3,9,0.333,2,10,0.2,61,147,0.415,0,0,0,801,50,323,623,0.518,66,166,0.398,89,119,0.748
203552,Seth Curry,1610612742,DAL,29,39,59,0.661,36,78,0.462,55,97,0.567,8,22,0.364,17,33,0.515,111,242,0.459,0,1,0,742,59,266,532,0.5,136,300,0.453,74,88,0.841
203894,Shabazz Napier,1610612764,WAS,28,68,101,0.673,10,44,0.227,21,46,0.457,3,17,0.176,1,7,0.143,67,198,0.338,0,0,0,527,51,170,413,0.412,71,222,0.32,116,141,0.823
1628983,Shai Gilgeous-Alexander,1610612760,OKC,21,193,336,0.574,110,249,0.442,61,128,0.477,7,21,0.333,6,11,0.545,65,190,0.342,0,0,0,1216,63,442,935,0.473,78,222,0.351,254,317,0.801
1629003,Shake Milton,1610612755,PHI,23,43,63,0.683,12,33,0.364,5,15,0.333,6,15,0.4,4,9,0.444,38,82,0.463,0,0,0,303,32,108,217,0.498,48,106,0.453,39,51,0.765
1629044,Shamorie Ponds,1610612761,TOR,21,2,3,0.667,0,0,0,0,0,0,0,0,0,0,0,0,1,2,0.5,NA,NA,NA,9,4,3,5,0.6,1,2,0.5,2,2,1
1627885,Shaquille Harrison,1610612741,CHI,26,49,91,0.538,10,27,0.37,3,6,0.5,4,11,0.364,2,6,0.333,9,22,0.409,0,2,0,209,43,77,165,0.467,16,42,0.381,39,50,0.78
1627746,Skal Labissiere,1610612737,ATL,24,40,64,0.625,21,41,0.512,17,29,0.586,0,0,0,0,2,0,3,11,0.273,0,0,0,190,33,81,147,0.551,3,13,0.231,25,33,0.758
203524,Solomon Hill,1610612748,MIA,29,20,43,0.465,12,29,0.414,9,20,0.45,10,25,0.4,10,21,0.476,39,110,0.355,0,0,0,289,54,100,248,0.403,59,156,0.378,30,42,0.714
203915,Spencer Dinwiddie,1610612751,BKN,27,223,371,0.601,55,174,0.316,23,77,0.299,6,17,0.353,12,43,0.279,105,334,0.314,0,5,0,1318,64,424,1021,0.415,123,400,0.308,347,446,0.778
1626169,Stanley Johnson,1610612761,TOR,24,5,11,0.455,0,3,0,1,4,0.25,0,0,0,0,6,0,2,7,0.286,0,0,0,23,20,8,31,0.258,2,13,0.154,5,6,0.833
1629742,Stanton Kidd,1610612762,UTA,28,0,0,0,0,2,0,0,0,0,0,1,0,NA,NA,NA,0,0,0,NA,NA,NA,0,4,0,3,0,0,1,0,0,0,0
201939,Stephen Curry,1610612744,GSW,32,12,18,0.667,3,5,0.6,6,10,0.6,1,3,0.333,1,3,0.333,10,43,0.233,0,0,0,104,5,33,82,0.402,12,49,0.245,26,26,1
1628425,Sterling Brown,1610612749,MIL,25,32,62,0.516,7,22,0.318,5,20,0.25,11,25,0.44,5,14,0.357,20,74,0.27,0,1,0,223,45,80,218,0.367,36,114,0.316,27,35,0.771
203500,Steven Adams,1610612760,OKC,26,183,265,0.691,75,165,0.455,3,10,0.3,0,0,0,0,1,0,0,1,0,1,1,1,633,58,262,443,0.591,1,3,0.333,108,183,0.59
1629004,Svi Mykhailiuk,1610612765,DET,23,44,82,0.537,5,30,0.167,2,8,0.25,21,45,0.467,8,22,0.364,85,215,0.395,1,3,0.333,504,56,166,405,0.41,115,285,0.404,57,70,0.814
204456,T.J. McConnell,1610612754,IND,28,80,131,0.611,57,99,0.576,45,117,0.385,0,2,0,2,5,0.4,3,7,0.429,0,1,0,409,63,187,362,0.517,5,15,0.333,30,36,0.833
203933,T.J. Warren,1610612754,IND,26,193,264,0.731,97,189,0.513,101,232,0.435,30,65,0.462,9,24,0.375,30,95,0.316,0,0,0,1140,61,460,869,0.529,69,184,0.375,151,186,0.812
1628388,TJ Leaf,1610612754,IND,23,21,38,0.553,3,14,0.214,1,3,0.333,1,3,0.333,1,1,1,3,10,0.3,0,0,0,72,25,30,69,0.435,5,14,0.357,7,12,0.583
1629605,Tacko Fall,1610612738,BOS,24,7,9,0.778,2,3,0.667,0,0,0,0,0,0,0,0,0,0,0,0,0,0,0,19,6,9,12,0.75,0,0,0,1,3,0.333
201959,Taj Gibson,1610612752,NYK,34,120,173,0.694,17,35,0.486,26,64,0.406,1,5,0.2,1,3,0.333,2,6,0.333,0,0,0,379,62,167,286,0.584,4,14,0.286,41,56,0.732
1629659,Talen Horton-Tucker,1610612747,LAL,19,0,0,0,0,0,0,0,0,0,0,0,0,0,0,0,0,1,0,0,0,0,0,2,0,1,0,0,1,0,0,0,0
1629745,Tariq Owens,1610612756,PHX,24,1,2,0.5,0,0,0,0,1,0,0,0,0,0,1,0,0,1,0,NA,NA,NA,4,3,1,5,0.2,0,2,0,2,2,1
1627752,Taurean Prince,1610612751,BKN,26,81,158,0.513,30,83,0.361,23,69,0.333,20,77,0.26,24,60,0.4,100,288,0.347,0,4,0,773,64,278,739,0.376,146,431,0.339,71,89,0.798
1629611,Terance Mann,1610612746,LAC,23,14,20,0.7,5,16,0.313,0,6,0,0,4,0,2,5,0.4,1,3,0.333,0,0,0,56,35,22,54,0.407,3,12,0.25,9,12,0.75
1629056,Terence Davis,1610612761,TOR,23,86,130,0.662,6,25,0.24,1,15,0.067,11,30,0.367,16,25,0.64,61,165,0.37,0,1,0,495,64,181,391,0.463,88,222,0.396,45,52,0.865
1628390,Terrance Ferguson,1610612760,OKC,22,20,29,0.69,0,4,0,8,11,0.727,11,41,0.268,12,28,0.429,23,86,0.267,0,0,0,209,50,74,199,0.372,46,155,0.297,15,19,0.789
203082,Terrence Ross,1610612753,ORL,29,57,83,0.687,33,75,0.44,65,167,0.389,12,28,0.429,5,11,0.455,144,409,0.352,0,4,0,930,63,316,777,0.407,162,454,0.357,136,161,0.845
1626179,Terry Rozier,1610612766,CHA,26,125,243,0.514,59,167,0.353,42,108,0.389,23,54,0.426,14,33,0.424,135,336,0.402,0,0,0,1134,63,398,941,0.423,172,423,0.407,166,190,0.874
200757,Thabo Sefolosha,1610612745,HOU,36,20,24,0.833,1,8,0.125,1,5,0.2,5,13,0.385,5,11,0.455,5,30,0.167,0,0,0,92,41,37,91,0.407,15,54,0.278,3,8,0.375
201152,Thaddeus Young,1610612741,CHI,32,130,227,0.573,51,124,0.411,9,28,0.321,29,67,0.433,6,28,0.214,44,125,0.352,0,2,0,659,64,269,601,0.448,79,222,0.356,42,72,0.583
203648,Thanasis Antetokounmpo,1610612749,MIL,27,17,26,0.654,2,3,0.667,0,0,0,0,2,0,0,2,0,0,3,0,0,0,0,45,18,19,36,0.528,0,7,0,7,15,0.467
1629033,Theo Pinson,1610612751,BKN,24,26,58,0.448,2,11,0.182,2,6,0.333,0,3,0,1,2,0.5,14,72,0.194,0,3,0,120,33,45,155,0.29,15,80,0.188,15,16,0.938
1628418,Thomas Bryant,1610612764,WAS,22,116,149,0.779,13,32,0.406,33,72,0.458,1,2,0.5,1,4,0.25,20,48,0.417,0,0,0,460,38,184,307,0.599,22,54,0.407,70,95,0.737
1627748,Thon Maker,1610612765,DET,23,50,75,0.667,13,34,0.382,8,20,0.4,5,15,0.333,5,15,0.333,12,33,0.364,0,1,0,281,60,93,193,0.482,22,64,0.344,73,110,0.664
204025,Tim Frazier,1610612765,DET,29,11,21,0.524,4,16,0.25,9,27,0.333,0,2,0,3,3,1,7,25,0.28,0,0,0,97,27,34,94,0.362,10,30,0.333,19,24,0.792
203501,Tim Hardaway Jr.,1610612742,DAL,28,71,120,0.592,34,92,0.37,57,126,0.452,19,46,0.413,35,67,0.522,130,339,0.383,0,2,0,998,63,346,792,0.437,185,455,0.407,121,151,0.801
1627789,Timothe Luwawu-Cabarrot,1610612751,BKN,25,34,67,0.507,3,9,0.333,2,6,0.333,8,21,0.381,12,29,0.414,19,59,0.322,0,1,0,247,39,78,192,0.406,39,109,0.358,52,62,0.839
202699,Tobias Harris,1610612755,PHI,27,174,275,0.633,131,246,0.533,72,202,0.356,15,31,0.484,13,32,0.406,89,260,0.342,0,0,0,1259,65,494,1046,0.472,117,323,0.362,154,191,0.806
203107,Tomas Satoransky,1610612741,CHI,28,104,184,0.565,54,124,0.435,15,44,0.341,14,35,0.4,9,25,0.36,41,139,0.295,0,0,0,644,65,237,551,0.43,64,199,0.322,106,121,0.876
1628396,Tony Bradley,1610612762,UTA,22,90,126,0.714,12,27,0.444,0,1,0,0,0,0,0,0,0,1,1,1,0,0,0,233,50,103,155,0.665,1,1,1,26,40,0.65
203503,Tony Snell,1610612765,DET,28,34,50,0.68,20,46,0.435,14,33,0.424,19,43,0.442,23,55,0.418,60,154,0.39,0,1,0,474,59,170,382,0.445,102,254,0.402,32,32,1
1628470,Torrey Craig,1610612743,DEN,29,54,73,0.74,3,16,0.188,3,10,0.3,9,26,0.346,4,18,0.222,23,63,0.365,0,2,0,248,50,96,208,0.462,36,109,0.33,20,31,0.645
1629027,Trae Young,1610612737,ATL,21,155,265,0.585,138,307,0.45,48,109,0.44,4,6,0.667,9,15,0.6,192,547,0.351,0,0,0,1778,60,546,1249,0.437,205,568,0.361,481,559,0.86
1629682,Tremont Waters,1610612738,BOS,22,6,10,0.6,1,4,0.25,2,4,0.5,0,0,0,0,2,0,3,15,0.2,0,0,0,33,10,12,35,0.343,3,17,0.176,6,6,1
1626203,Treveon Graham,1610612737,ATL,26,35,76,0.461,17,41,0.415,2,6,0.333,3,20,0.15,5,15,0.333,25,83,0.301,0,1,0,243,55,87,242,0.36,33,120,0.275,36,56,0.643
2772,Trevor Ariza,1610612757,POR,34,61,97,0.629,4,14,0.286,0,6,0,15,41,0.366,17,42,0.405,45,123,0.366,0,1,0,423,53,142,324,0.438,77,207,0.372,62,74,0.838
203504,Trey Burke,1610612755,PHI,27,22,37,0.595,6,15,0.4,15,37,0.405,1,1,1,3,4,0.75,12,32,0.375,0,1,0,147,25,59,127,0.465,16,38,0.421,13,18,0.722
1626168,Trey Lyles,1610612759,SAS,24,59,95,0.621,15,40,0.375,14,40,0.35,10,24,0.417,13,26,0.5,42,118,0.356,0,0,0,404,63,153,343,0.446,65,168,0.387,33,45,0.733
202684,Tristan Thompson,1610612739,CLE,29,188,313,0.601,82,197,0.416,9,29,0.31,0,1,0,1,2,0.5,8,20,0.4,0,0,0,684,57,288,562,0.512,9,23,0.391,99,161,0.615
1628972,Troy Brown Jr.,1610612764,WAS,20,109,164,0.665,28,87,0.322,42,110,0.382,14,24,0.583,7,16,0.438,28,99,0.283,1,6,0.167,594,61,229,506,0.453,50,145,0.345,86,114,0.754
203584,Troy Daniels,1610612743,DEN,28,8,14,0.571,7,11,0.636,7,21,0.333,7,16,0.438,6,16,0.375,27,81,0.333,0,0,0,174,42,62,159,0.39,40,113,0.354,10,16,0.625
1629660,Ty Jerome,1610612756,PHX,22,9,21,0.429,12,27,0.444,3,11,0.273,2,8,0.25,1,2,0.5,10,36,0.278,0,1,0,98,28,37,106,0.349,13,47,0.277,11,14,0.786
1629076,Tyler Cook,1610612739,CLE,22,5,8,0.625,1,1,1,1,1,1,0,0,0,0,0,0,0,0,0,0,0,0,19,11,7,10,0.7,0,0,0,5,6,0.833
1629639,Tyler Herro,1610612748,MIA,20,39,80,0.488,29,56,0.518,53,143,0.371,7,16,0.438,12,26,0.462,80,209,0.383,0,2,0,605,47,220,532,0.414,99,253,0.391,66,79,0.835
204020,Tyler Johnson,1610612756,PHX,28,17,31,0.548,7,17,0.412,17,40,0.425,3,8,0.375,4,7,0.571,17,67,0.254,0,1,0,178,31,65,171,0.38,24,83,0.289,24,32,0.75
1627820,Tyrone Wallace,1610612737,ATL,26,11,19,0.579,2,9,0.222,0,1,0,0,2,0,0,2,0,1,10,0.1,0,1,0,40,14,14,44,0.318,1,15,0.067,11,17,0.647
2199,Tyson Chandler,1610612745,HOU,37,14,18,0.778,0,0,0,0,0,0,0,0,0,0,0,0,0,0,0,0,0,0,34,26,14,18,0.778,0,0,0,6,13,0.462
1626145,Tyus Jones,1610612763,MEM,24,52,86,0.605,67,143,0.469,31,76,0.408,6,12,0.5,5,11,0.455,36,101,0.356,0,0,0,484,65,197,429,0.459,47,124,0.379,43,58,0.741
2617,Udonis Haslem,1610612748,MIA,40,0,2,0,1,2,0.5,0,0,0,0,0,0,0,0,0,0,2,0,0,0,0,5,3,1,6,0.167,0,2,0,3,4,0.75
1629724,Vic Law,1610612753,ORL,24,0,0,0,0,0,0,0,2,0,0,1,0,0,0,0,0,0,0,0,0,0,0,5,0,3,0,0,1,0,0,2,0
203506,Victor Oladipo,1610612754,IND,28,19,44,0.432,8,15,0.533,15,33,0.455,1,5,0.2,0,2,0,20,62,0.323,0,0,0,179,13,63,161,0.391,21,69,0.304,32,41,0.78
1713,Vince Carter,1610612737,ATL,43,11,25,0.44,17,33,0.515,18,44,0.409,8,20,0.4,5,21,0.238,48,161,0.298,0,0,0,298,60,107,304,0.352,61,202,0.302,23,29,0.793
1629738,Vincent Poirier,1610612738,BOS,26,10,17,0.588,2,5,0.4,3,9,0.333,0,0,0,0,0,0,1,2,0.5,0,0,0,39,21,16,33,0.485,1,2,0.5,6,7,0.857
1628427,Vlatko Cancar,1610612743,DEN,23,5,7,0.714,0,1,0,0,1,0,0,1,0,0,0,0,1,5,0.2,0,0,0,17,14,6,15,0.4,1,6,0.167,4,4,1
201961,Wayne Ellington,1610612752,NYK,32,6,10,0.6,0,2,0,6,21,0.286,3,6,0.5,7,12,0.583,39,123,0.317,0,0,0,183,36,61,174,0.351,50,143,0.35,11,13,0.846
1628976,Wendell Carter Jr.,1610612741,CHI,21,137,209,0.656,24,70,0.343,16,35,0.457,1,11,0.091,1,1,1,4,17,0.235,0,0,0,484,43,183,343,0.534,6,29,0.207,112,152,0.737
1629117,Wenyen Gabriel,1610612757,POR,23,13,19,0.684,0,6,0,1,1,1,3,5,0.6,1,3,0.333,2,12,0.167,0,0,0,60,28,20,46,0.435,6,20,0.3,14,20,0.7
1628411,Wes Iwundu,1610612753,ORL,25,29,51,0.569,13,33,0.394,14,43,0.326,5,13,0.385,2,9,0.222,14,45,0.311,0,0,0,237,45,77,194,0.397,21,67,0.313,62,76,0.816
202083,Wesley Matthews,1610612749,MIL,33,39,62,0.629,11,37,0.297,8,25,0.32,17,44,0.386,15,34,0.441,69,199,0.347,0,0,0,467,62,159,401,0.397,101,277,0.365,48,63,0.762
203115,Will Barton,1610612743,DEN,29,142,241,0.589,45,137,0.328,38,74,0.514,13,24,0.542,7,15,0.467,87,247,0.352,0,0,0,874,58,332,738,0.45,108,288,0.375,102,133,0.767
1629739,William Howard,1610612745,HOU,26,0,0,0,0,0,0,0,0,0,0,0,0,0,1,0,0,3,0,0,0,0,0,2,0,4,0,0,4,0,0,0,0
1626161,Willie Cauley-Stein,1610612742,DAL,26,138,185,0.746,26,72,0.361,11,44,0.25,0,0,0,0,0,0,0,1,0,0,0,0,390,54,175,302,0.579,0,1,0,40,66,0.606
1626195,Willy Hernangomez,1610612766,CHA,26,52,76,0.684,15,35,0.429,2,6,0.333,1,2,0.5,0,1,0,4,19,0.211,0,0,0,190,31,74,139,0.532,5,22,0.227,37,59,0.627
201163,Wilson Chandler,1610612751,BKN,33,15,22,0.682,16,31,0.516,6,9,0.667,5,11,0.455,7,21,0.333,25,89,0.281,0,0,0,205,35,74,183,0.404,37,121,0.306,20,23,0.87
1627812,Yogi Ferrell,1610612758,SAC,27,12,27,0.444,9,23,0.391,27,50,0.54,4,5,0.8,3,9,0.333,12,55,0.218,0,0,0,185,44,67,169,0.396,19,69,0.275,32,37,0.865
1629139,Yuta Watanabe,1610612763,MEM,25,7,11,0.636,1,7,0.143,1,3,0.333,1,1,1,0,1,0,2,6,0.333,0,0,0,30,16,12,29,0.414,3,8,0.375,3,8,0.375
1628380,Zach Collins,1610612757,POR,22,5,7,0.714,0,2,0,1,3,0.333,0,1,0,0,0,0,3,6,0.5,0,0,0,27,3,9,19,0.474,3,7,0.429,6,6,1
203897,Zach LaVine,1610612741,CHI,25,289,484,0.597,14,79,0.177,52,151,0.344,27,53,0.509,14,32,0.438,143,398,0.359,0,2,0,1530,60,539,1199,0.45,184,484,0.38,268,334,0.802
1629668,Zach Norvell Jr.,1610612744,GSW,22,0,0,0,0,1,0,0,3,0,0,1,0,0,0,0,3,7,0.429,0,0,0,10,5,3,12,0.25,3,8,0.375,1,1,1
1629015,Zhaire Smith,1610612755,PHI,21,3,6,0.5,0,1,0,0,1,0,0,1,0,0,0,0,0,2,0,0,0,0,8,7,3,11,0.273,0,3,0,2,4,0.5
1629627,Zion Williamson,1610612740,NOP,19,157,249,0.631,7,20,0.35,2,10,0.2,0,1,0,0,0,0,6,12,0.5,0,0,0,448,19,172,292,0.589,6,13,0.462,98,152,0.645
1629597,Zylan Cheatham,1610612740,NOP,24,2,2,1,0,2,0,0,0,0,0,0,0,0,0,0,0,1,0,NA,NA,NA,4,3,2,5,0.4,0,1,0,0,0,0
